{"genuri":[{"nume":"alternative metal","ascultari":32,"artist":["Deftones","Marilyn Manson","In This Moment","Chevelle","Trivium","Five Finger Death Punch","Disturbed","Megadeth","Filter","Rob Zombie","Marilyn Manson","Linkin Park","A Perfect Circle","Puscifer","Faith No More","The Mars Volta","Stone Temple Pilots","Nine Inch Nails","Incubus","Team Sleep","Failure","311","✝✝✝ (Crosses)","The Smashing Pumpkins","Type O Negative","System Of A Down","My Darkest Days","Gojira","Meshuggah","Machine Head","Lamb of God","Skillet"]},{"nume":"nu metal","ascultari":27,"artist":["Deftones","Marilyn Manson","In This Moment","Chevelle","Trivium","Five Finger Death Punch","Disturbed","Filter","Rob Zombie","Marilyn Manson","Linkin Park","A Perfect Circle","Puscifer","Faith No More","Stone Temple Pilots","Nine Inch Nails","Incubus","Team Sleep","Failure","311","Type O Negative","System Of A Down","My Darkest Days","Gojira","Meshuggah","Machine Head","Lamb of God"]},{"nume":"rap metal","ascultari":5,"artist":["Deftones","Disturbed","Linkin Park","Faith No More","System Of A Down"]},{"nume":"rock","ascultari":53,"artist":["Deftones","Pink Floyd","Radiohead","Tom Petty and the Heartbreakers","Scorpions","Bring Me The Horizon","Tyler Bryant & the Shakedown","Chevelle","Imagine Dragons","Arctic Monkeys","Guns N' Roses","Jimi Hendrix","Megadeth","Ozzy Osbourne","Joy Division","The Smiths","Filter","Rob Zombie","A Perfect Circle","Faith No More","The Mars Volta","Stone Temple Pilots","Nine Inch Nails","Incubus","311","Aerosmith","Bon Jovi","The Smashing Pumpkins","Type O Negative","Kurt Cobain","my bloody valentine","The Rolling Stones","System Of A Down","Foster The People","Gojira","Bruce Dickinson","Accept","Machine Head","Cage The Elephant","The Doors","Fallo","The Mamas & The Papas","Badfinger","My Morning Jacket","Kings of Leon","U2","R.E.M.","The Police","Spin Doctors","Foreigner","Crowded House","The Waterboys","Greta Van Fleet"]},{"nume":"sacramento indie","ascultari":4,"artist":["Deftones","Team Sleep","Chino Moreno","Dance Gavin Dance"]},{"nume":"industrial","ascultari":3,"artist":["Marilyn Manson","Marilyn Manson","Nine Inch Nails"]},{"nume":"industrial metal","ascultari":9,"artist":["Marilyn Manson","Emigrate","Filter","Rob Zombie","Marilyn Manson","Puscifer","Nine Inch Nails","Type O Negative","Machine Head"]},{"nume":"industrial rock","ascultari":8,"artist":["Marilyn Manson","Emigrate","Filter","Rob Zombie","Marilyn Manson","Puscifer","Nine Inch Nails","Type O Negative"]},{"nume":"irish singer-songwriter","ascultari":1,"artist":["Hozier"]},{"nume":"modern rock","ascultari":15,"artist":["Hozier","Imagine Dragons","The Neighbourhood","Death","Phantogram","Foster The People","Metronomy","STRFKR","Cage The Elephant","Fallo","Skillet","Gerard Way","The Temper Trap","My Morning Jacket","Kings of Leon"]},{"nume":"pop","ascultari":52,"artist":["Hozier","Mike Posner","The Weeknd","G-Eazy","Ava Max","Madonna","The Neighbourhood","Mark Ronson","The Weeknd","OneRepublic","Caroline Polachek","HONNE","Oh Wonder","Khalid","Jeremih","Bazzi","Miguel","Usher","Justin Timberlake","Ne-Yo","Calvin Harris","Sam Smith","Jennifer Lopez","Jax Jones","Dove Cameron","WILLOW","Coldplay","David Guetta","Ne-Yo","Gwen Stefani","Chase Atlantic","Mariah Carey","Tate McRae","Lil Nas X","Sasha Alex Sloan","Iggy Azalea","DNCE","Big Time Rush","Tiësto","Lorde","SYML","Taylor Swift","Lil Uzi Vert","Migos","Travis Scott","The Weeknd","Lil Skies","Lil Skies","Trevor Daniel","Avril Lavigne","Jonas Blue","Whitney Houston"]},{"nume":"aussietronica","ascultari":1,"artist":["Parcels"]},{"nume":"indie soul","ascultari":14,"artist":["Parcels","Maribou State","NEIL FRANCES","Duñe","Babeheaven","Tom Misch","Flamingosis","Roosevelt","Karnaval Blues","Klyne","Rhye","Jesper Ryom","SAULT","Maribou State"]},{"nume":"ambient idm","ascultari":1,"artist":["Seekae"]},{"nume":"neo mellow","ascultari":7,"artist":["Pete Yorn","Jack Savoretti","Roo Panes","Trevor Hall","Roo Panes","Bahamas","The Goo Goo Dolls"]},{"nume":"new jersey indie","ascultari":1,"artist":["Pete Yorn"]},{"nume":"pop rock","ascultari":18,"artist":["Pete Yorn","Tom Petty and the Heartbreakers","The Cranberries","No Doubt","Death","OneRepublic","Filter","Stone Temple Pilots","Incubus","311","The Smashing Pumpkins","Wheatus","Un","4 Non Blondes","R.E.M.","Spin Doctors","The Goo Goo Dolls","Crowded House"]},{"nume":"album rock","ascultari":14,"artist":["Pink Floyd","Tom Petty and the Heartbreakers","Scorpions","Jimi Hendrix","Megadeth","Ozzy Osbourne","Aerosmith","The Rolling Stones","Bruce Dickinson","Accept","Badfinger","The Police","Starship","Foreigner"]},{"nume":"art rock","ascultari":8,"artist":["Pink Floyd","Radiohead","Kate Bush","Joy Division","Cocteau Twins","Badfinger","The Police","The Waterboys"]},{"nume":"classic rock","ascultari":10,"artist":["Pink Floyd","Tom Petty and the Heartbreakers","Jimi Hendrix","Aerosmith","The Rolling Stones","The Doors","The Mamas & The Papas","Badfinger","The Police","Foreigner"]},{"nume":"progressive rock","ascultari":1,"artist":["Pink Floyd"]},{"nume":"psychedelic rock","ascultari":7,"artist":["Pink Floyd","Tom Petty and the Heartbreakers","Jimi Hendrix","Arthur Brown","The Doors","The Mamas & The Papas","Badfinger"]},{"nume":"symphonic rock","ascultari":1,"artist":["Pink Floyd"]},{"nume":"alternative rock","ascultari":21,"artist":["Radiohead","Red Hot Chili Peppers","Death","Joy Division","Filter","A Perfect Circle","Puscifer","Faith No More","The Mars Volta","Stone Temple Pilots","Nine Inch Nails","Incubus","Failure","Sunny Day Real Estate","311","The Smashing Pumpkins","Cocteau Twins","my bloody valentine","My Morning Jacket","R.E.M.","Spin Doctors"]},{"nume":"melancholia","ascultari":5,"artist":["Radiohead","Cocteau Twins","My Morning Jacket","Nick Drake","Sigur Rós"]},{"nume":"oxford indie","ascultari":1,"artist":["Radiohead"]},{"nume":"permanent wave","ascultari":14,"artist":["Radiohead","No Doubt","Red Hot Chili Peppers","Arctic Monkeys","Kate Bush","The Smiths","The Smashing Pumpkins","Coldplay","U2","R.E.M.","The Police","The Goo Goo Dolls","Crowded House","Cyndi Lauper"]},{"nume":"melodic metalcore","ascultari":5,"artist":["In This Moment","Bring Me The Horizon","Trivium","Machine Head","Lamb of God"]},{"nume":"dreamo","ascultari":3,"artist":["Loathe","Beach House","Superheaven"]},{"nume":"nu-metalcore","ascultari":1,"artist":["Loathe"]},{"nume":"progressive metalcore","ascultari":1,"artist":["Loathe"]},{"nume":"uk metalcore","ascultari":2,"artist":["Loathe","Bring Me The Horizon"]},{"nume":"emo rap","ascultari":5,"artist":["XXXTENTACION","XXXTENTACION","Atoms.","Omen","6ix9ine"]},{"nume":"miami hip hop","ascultari":4,"artist":["XXXTENTACION","XXXTENTACION","Ace","Vanilla"]},{"nume":"adult standards","ascultari":7,"artist":["Dean Martin","Harry James","Andy Williams","Oscar Peterson Trio","Louis Armstrong","Percy Faith","Dionne Warwick"]},{"nume":"easy listening","ascultari":3,"artist":["Dean Martin","Andy Williams","Percy Faith"]},{"nume":"lounge","ascultari":4,"artist":["Dean Martin","Harry James","Andy Williams","Percy Faith"]},{"nume":"vocal jazz","ascultari":3,"artist":["Dean Martin","Oscar Peterson Trio","Louis Armstrong"]},{"nume":"classic romanian pop","ascultari":2,"artist":["Spitalul de urgență","3 Sud Est"]},{"nume":"dfw rap","ascultari":2,"artist":["Post Malone","Post Malone"]},{"nume":"melodic rap","ascultari":7,"artist":["Post Malone","SAINt JHN","Lil Uzi Vert","Lil Skies","Post Malone","Lil Skies","Trevor Daniel"]},{"nume":"rap","ascultari":24,"artist":["Post Malone","YG","G-Eazy","SAINt JHN","112","Ace","2Pac","2Pac","A$AP Ferg","Drake","Russ","YG","Lil Wayne","Lil Wayne","Joyner Lucas","Future","Lil Uzi Vert","Migos","Travis Scott","Lil Skies","Post Malone","Wiz Khalifa","Lil Skies","6ix9ine"]},{"nume":"blues rock","ascultari":11,"artist":["Tom Petty and the Heartbreakers","Eric Gales","Jimi Hendrix","Walter Trout","Dr. John","Mike Zito","Eric Gales","Shemekia Copeland","Dr. John","Badfinger","My Morning Jacket"]},{"nume":"country rock","ascultari":6,"artist":["Tom Petty and the Heartbreakers","Dr. John","Hank Williams, Jr.","Bonnie Raitt","Dr. John","Badfinger"]},{"nume":"folk rock","ascultari":7,"artist":["Tom Petty and the Heartbreakers","Dr. John","Bonnie Raitt","The Mamas & The Papas","Dr. John","Badfinger","Nick Drake"]},{"nume":"hard rock","ascultari":15,"artist":["Tom Petty and the Heartbreakers","Scorpions","Guns N' Roses","Jimi Hendrix","Megadeth","Ozzy Osbourne","Faith No More","Stone Temple Pilots","Aerosmith","Candlemass","Bruce Dickinson","Accept","Machine Head","Zakk Wylde","Foreigner"]},{"nume":"heartland rock","ascultari":1,"artist":["Tom Petty and the Heartbreakers"]},{"nume":"mellow gold","ascultari":11,"artist":["Tom Petty and the Heartbreakers","Chris Isaak","Bonnie Raitt","Andy Williams","The Mamas & The Papas","Badfinger","The Police","Starship","Foreigner","Crowded House","Dionne Warwick"]},{"nume":"roots rock","ascultari":9,"artist":["Tom Petty and the Heartbreakers","Dr. John","Amythyst Kiah","Bonnie Raitt","Eric Bibb","Mavis Staples","Dr. John","Badfinger","My Morning Jacket"]},{"nume":"soft rock","ascultari":10,"artist":["Tom Petty and the Heartbreakers","Bonnie Raitt","Badfinger","The Police","Starship","Foreigner","Bill Medley","Cyndi Lauper","Dionne Warwick","Air"]},{"nume":"blues-rock guitar","ascultari":2,"artist":["Blues Delight","Big Daddy Wilson"]},{"nume":"german hard rock","ascultari":1,"artist":["Scorpions"]},{"nume":"german metal","ascultari":2,"artist":["Scorpions","Accept"]},{"nume":"german rock","ascultari":1,"artist":["Scorpions"]},{"nume":"metal","ascultari":13,"artist":["Scorpions","Dark Tranquillity","Trivium","Megadeth","Ozzy Osbourne","Behemoth","Type O Negative","Candlemass","Gojira","Bruce Dickinson","Accept","Machine Head","Lamb of God"]},{"nume":"dream smp","ascultari":1,"artist":["C418"]},{"nume":"minecraft","ascultari":1,"artist":["C418"]},{"nume":"metalcore","ascultari":9,"artist":["Bring Me The Horizon","Trivium","HVNDS","Dance Gavin Dance","Machine Head","Lamb of God","Bad Omens","Thousand Below","Aban"]},{"nume":"irish rock","ascultari":2,"artist":["The Cranberries","U2"]},{"nume":"sad lo-fi","ascultari":3,"artist":["Luna Stars","Hisohkah","dwsdmusic"]},{"nume":"dance pop","ascultari":37,"artist":["No Doubt","Mike Posner","Ava Max","Madonna","Mark Ronson","OneRepublic","*NSYNC","Caroline Polachek","Jeremih","Bazzi","Ginuwine","Miguel","Usher","112","Justin Timberlake","Ne-Yo","Calvin Harris","Sam Smith","Jennifer Lopez","Jax Jones","WILLOW","David Guetta","Ne-Yo","Gwen Stefani","M.I.A.","Anastacia","Mariah Carey","Iggy Azalea","DNCE","Big Time Rush","Christina Milian","Tiësto","Wiz Khalifa","Avril Lavigne","Jonas Blue","Whitney Houston","Cyndi Lauper"]},{"nume":"dance rock","ascultari":2,"artist":["No Doubt","The Prodigy"]},{"nume":"death metal","ascultari":4,"artist":["Dark Tranquillity","Behemoth","Candlemass","Meshuggah"]},{"nume":"gothenburg metal","ascultari":1,"artist":["Dark Tranquillity"]},{"nume":"melodic death metal","ascultari":1,"artist":["Dark Tranquillity"]},{"nume":"swedish death metal","ascultari":1,"artist":["Dark Tranquillity"]},{"nume":"swedish melodeath","ascultari":1,"artist":["Dark Tranquillity"]},{"nume":"swedish metal","ascultari":3,"artist":["Dark Tranquillity","Candlemass","Meshuggah"]},{"nume":"australian psych","ascultari":1,"artist":["Tame Impala"]},{"nume":"neo-psychedelic","ascultari":4,"artist":["Tame Impala","Post Animal","The Holydrug Couple","Frowning"]},{"nume":"funk metal","ascultari":4,"artist":["Red Hot Chili Peppers","Faith No More","Incubus","311"]},{"nume":"funk rock","ascultari":4,"artist":["Red Hot Chili Peppers","Faith No More","Incubus","311"]},{"nume":"comic","ascultari":1,"artist":["Ylvis"]},{"nume":"edm","ascultari":18,"artist":["Mike Posner","Hippie Sabotage","Tinlicker","i_o","Tinlicker","Matt Fax","Dom Dolla","CamelPhat","Gorgon City","Gorgon City","Gorgon City","Calvin Harris","Jax Jones","David Guetta","Armin van Buuren","Tiësto","Flume","Jonas Blue"]},{"nume":"pop rap","ascultari":22,"artist":["Mike Posner","YG","G-Eazy","Jeremih","SAINt JHN","112","Pleasure P","Ace","A$AP Ferg","Jennifer Lopez","Jax Jones","Tech N9ne","David Guetta","Iggy Azalea","YG","Lil Wayne","Lil Wayne","Christina Milian","Joyner Lucas","Migos","Wiz Khalifa","Trevor Daniel"]},{"nume":"stockholm indie","ascultari":1,"artist":["Therese Lithner"]},{"nume":"chicago house","ascultari":2,"artist":["Aaron Smith","Aaron Smith"]},{"nume":"brazilian gospel","ascultari":1,"artist":["Jairo Bonfim"]},{"nume":"big band","ascultari":1,"artist":["Harry James"]},{"nume":"jazz trumpet","ascultari":2,"artist":["Harry James","Louis Armstrong"]},{"nume":"swing","ascultari":2,"artist":["Harry James","Louis Armstrong"]},{"nume":"k-pop","ascultari":2,"artist":["BTS","PSY"]},{"nume":"k-pop boy group","ascultari":1,"artist":["BTS"]},{"nume":"modern alternative rock","ascultari":4,"artist":["Tyler Bryant & the Shakedown","The Neighbourhood","Blues Saraceno","Foster The People"]},{"nume":"modern blues rock","ascultari":14,"artist":["Tyler Bryant & the Shakedown","Eric Gales","Blues Saraceno","Kirk Fletcher","Walter Trout","Mike Zito","Samantha Fish","Altered Five Blues Band","Elles Bailey","Fantastic Negrito","Eric Gales","Shemekia Copeland","Brother Dege","Greta Van Fleet"]},{"nume":"modern hard rock","ascultari":3,"artist":["Tyler Bryant & the Shakedown","Dirty Honey","Greta Van Fleet"]},{"nume":"baltimore indie","ascultari":1,"artist":["Beach House"]},{"nume":"dream pop","ascultari":7,"artist":["Beach House","Duster","Cocteau Twins","my bloody valentine","Cuco","Chromatics","Sigur Rós"]},{"nume":"modern dream pop","ascultari":3,"artist":["Beach House","Chromatics","Dreams We've Had"]},{"nume":"canadian contemporary r&b","ascultari":4,"artist":["The Weeknd","The Weeknd","The Kount","The Weeknd"]},{"nume":"canadian pop","ascultari":5,"artist":["The Weeknd","The Weeknd","Drake","The Weeknd","Avril Lavigne"]},{"nume":"christian rock","ascultari":3,"artist":["Chevelle","My Darkest Days","Skillet"]},{"nume":"post-grunge","ascultari":7,"artist":["Chevelle","Filter","Linkin Park","Stone Temple Pilots","Incubus","Superheaven","My Darkest Days"]},{"nume":"rap rock","ascultari":9,"artist":["Chevelle","Filter","Rob Zombie","A Perfect Circle","Faith No More","Incubus","311","Rehab","Machine Head"]},{"nume":"belgian pop","ascultari":1,"artist":["Stromae"]},{"nume":"g-house","ascultari":1,"artist":["Stromae"]},{"nume":"electronic trap","ascultari":1,"artist":["Hippie Sabotage"]},{"nume":"cali rap","ascultari":2,"artist":["YG","YG"]},{"nume":"gangster rap","ascultari":8,"artist":["YG","Ginuwine","112","Ace","2Pac","2Pac","A$AP Ferg","YG"]},{"nume":"hip hop","ascultari":15,"artist":["YG","Ginuwine","Ace","2Pac","2Pac","A$AP Ferg","Tech N9ne","Drake","YG","Lil Wayne","Lil Wayne","Christina Milian","Joyner Lucas","Migos","Wiz Khalifa"]},{"nume":"southern hip hop","ascultari":8,"artist":["YG","Jeremih","112","Ace","A$AP Ferg","YG","Future","Wiz Khalifa"]},{"nume":"trap","ascultari":16,"artist":["YG","Jeremih","SAINt JHN","Pleasure P","Ace","A$AP Ferg","YG","Lil Wayne","Lil Wayne","Future","Lil Uzi Vert","Migos","Lil Skies","Wiz Khalifa","Lil Skies","6ix9ine"]},{"nume":"indie pop rap","ascultari":1,"artist":["G-Eazy"]},{"nume":"oakland hip hop","ascultari":1,"artist":["G-Eazy"]},{"nume":"german house","ascultari":1,"artist":["Boris Brejcha"]},{"nume":"german techno","ascultari":3,"artist":["Boris Brejcha","Booka Shade","Solomun"]},{"nume":"high-tech minimal","ascultari":1,"artist":["Boris Brejcha"]},{"nume":"minimal techno","ascultari":5,"artist":["Boris Brejcha","Patrice Bäumel","Booka Shade","Solomun","Matthew Dear"]},{"nume":"tech house","ascultari":4,"artist":["Boris Brejcha","Patrice Bäumel","Booka Shade","Solomun"]},{"nume":"tropical house","ascultari":14,"artist":["Tinlicker","Nora En Pure","Tinlicker","Booka Shade","CamelPhat","Gorgon City","Gorgon City","Gorgon City","Naughty Boy","Jax Jones","Philip George","Emmit Fenn","Tiësto","Jonas Blue"]},{"nume":"melodic techno","ascultari":3,"artist":["Avoure","Patrice Bäumel","Solomun"]},{"nume":"electro house","ascultari":5,"artist":["i_o","Dom Dolla","Fake Blood","Calvin Harris","The Toxic Avenger"]},{"nume":"french techno","ascultari":1,"artist":["KAS:ST"]},{"nume":"deep house","ascultari":2,"artist":["Nora En Pure","Jesper Ryom"]},{"nume":"electra","ascultari":1,"artist":["Nora En Pure"]},{"nume":"house","ascultari":10,"artist":["Nora En Pure","Dom Dolla","CamelPhat","Gorgon City","Gorgon City","Gorgon City","Calvin Harris","Jax Jones","Philip George","Tiësto"]},{"nume":"progressive house","ascultari":7,"artist":["Nora En Pure","Enamour","Spencer Brown","Matt Fax","CamelPhat","Calvin Harris","Armin van Buuren"]},{"nume":"swiss pop","ascultari":1,"artist":["Nora En Pure"]},{"nume":"deep techno","ascultari":1,"artist":["Patrice Bäumel"]},{"nume":"indonesian hip hop","ascultari":2,"artist":["Rich Brian","Rich Brian"]},{"nume":"comedy rap","ascultari":1,"artist":["Pink Guy"]},{"nume":"meme rap","ascultari":1,"artist":["Pink Guy"]},{"nume":"alternative r&b","ascultari":1,"artist":["Joji"]},{"nume":"viral pop","ascultari":3,"artist":["Joji","Joji","JBJ"]},{"nume":"british soundtrack","ascultari":1,"artist":["Lorn"]},{"nume":"epicore","ascultari":1,"artist":["Lorn"]},{"nume":"orchestral soundtrack","ascultari":3,"artist":["Lorn","Hans Zimmer","Hans Zimmer"]},{"nume":"soundtrack","ascultari":3,"artist":["Lorn","Hans Zimmer","Hans Zimmer"]},{"nume":"video game music","ascultari":1,"artist":["Lorn"]},{"nume":"indie pop","ascultari":13,"artist":["salvia palth","Death","Caroline Polachek","Teen Suicide","Alex G","carolesdaughter","TV Girl","Mitski","Oscar Lang","Men I Trust","Strawberry Guy","Yot Club","Bahamas"]},{"nume":"lo-fi emo","ascultari":2,"artist":["salvia palth","Teen Suicide"]},{"nume":"lo-fi indie","ascultari":3,"artist":["salvia palth","Teen Suicide","Current Joys"]},{"nume":"slowcore","ascultari":2,"artist":["salvia palth","Duster"]},{"nume":"small room","ascultari":1,"artist":["salvia palth"]},{"nume":"romanian pop","ascultari":5,"artist":["Dorian Popa","Margineanu","Carla's Dreams","Stefan Banica","3 Sud Est"]},{"nume":"romanian rap","ascultari":6,"artist":["Grasu XXL","Grasu XXL","Killa Fonic","zmoalacazan","Killa Fonic","Psihotrop"]},{"nume":"canadian pop punk","ascultari":1,"artist":["GOB"]},{"nume":"canadian punk","ascultari":1,"artist":["GOB"]},{"nume":"pop punk","ascultari":1,"artist":["GOB"]},{"nume":"punk","ascultari":2,"artist":["GOB","The Boomtown Rats"]},{"nume":"skate punk","ascultari":1,"artist":["GOB"]},{"nume":"vancouver punk","ascultari":1,"artist":["GOB"]},{"nume":"organic house","ascultari":1,"artist":["Enamour"]},{"nume":"brooklyn drill","ascultari":1,"artist":["Solee"]},{"nume":"nyc rap","ascultari":1,"artist":["Solee"]},{"nume":"shimmer pop","ascultari":2,"artist":["The Neighbourhood","Rhye"]},{"nume":"baroque pop","ascultari":2,"artist":["Sufjan Stevens","Kate Bush"]},{"nume":"chamber pop","ascultari":1,"artist":["Sufjan Stevens"]},{"nume":"singer-songwriter","ascultari":5,"artist":["Sufjan Stevens","Kate Bush","Bonnie Raitt","Badfinger","Nick Drake"]},{"nume":"melodic thrash","ascultari":2,"artist":["Trivium","Megadeth"]},{"nume":"indie rock","ascultari":6,"artist":["Death","Sunny Day Real Estate","Metronomy","STRFKR","My Morning Jacket","Jim James"]},{"nume":"washington indie","ascultari":1,"artist":["Death"]},{"nume":"livetronica","ascultari":1,"artist":["Monolink"]},{"nume":"electric blues","ascultari":9,"artist":["Eric Gales","Walter Trout","Charlie Musselwhite","Mike Zito","Bonnie Raitt","Eric Gales","Eric Bibb","Shemekia Copeland","Dr. John"]},{"nume":"modern blues","ascultari":13,"artist":["Eric Gales","Kirk Fletcher","Walter Trout","Charlie Musselwhite","Mike Zito","Samantha Fish","Altered Five Blues Band","Elles Bailey","Fantastic Negrito","Seth Walker","Eric Gales","Eric Bibb","Shemekia Copeland"]},{"nume":"uk pop","ascultari":9,"artist":["Mark Ronson","Kate Bush","HONNE","Sam Smith","Naughty Boy","Jax Jones","Tate McRae","Iggy Azalea","DNCE"]},{"nume":"groove metal","ascultari":3,"artist":["Five Finger Death Punch","Machine Head","Lamb of God"]},{"nume":"electronica","ascultari":18,"artist":["Maribou State","Booka Shade","WhoMadeWho","Massive Attack","UNKLE","Chromatics","Aphex Twin","Metronomy","The Toxic Avenger","French 79","The Chemical Brothers","Charlotte Adigéry","St Germain","Matthew Dear","HÆLOS","Jesper Ryom","DARKSIDE","Maribou State"]},{"nume":"future garage","ascultari":5,"artist":["Maribou State","Gorgon City","Gorgon City","Gorgon City","Maribou State"]},{"nume":"belgian techno","ascultari":1,"artist":["Raving George"]},{"nume":"progressive trance","ascultari":2,"artist":["Spencer Brown","Matt Fax"]},{"nume":"frankfurt electronic","ascultari":1,"artist":["Booka Shade"]},{"nume":"microhouse","ascultari":4,"artist":["Booka Shade","Solomun","WhoMadeWho","Matthew Dear"]},{"nume":"hamburg electronic","ascultari":1,"artist":["Solomun"]},{"nume":"progressive trance house","ascultari":1,"artist":["Matt Fax"]},{"nume":"alternative dance","ascultari":10,"artist":["WhoMadeWho","UNKLE","Crystal Castles","Chromatics","Roosevelt","Metronomy","The Temper Trap","The Chemical Brothers","Matthew Dear","HÆLOS"]},{"nume":"dance-punk","ascultari":1,"artist":["WhoMadeWho"]},{"nume":"danish indie","ascultari":1,"artist":["WhoMadeWho"]},{"nume":"experimental pop","ascultari":3,"artist":["WhoMadeWho","Cults","Matthew Dear"]},{"nume":"new rave","ascultari":7,"artist":["WhoMadeWho","Crystal Castles","M.I.A.","Chromatics","Metronomy","The Chemical Brothers","Charlotte Adigéry"]},{"nume":"dark techno","ascultari":1,"artist":["Hidden Empire"]},{"nume":"chillwave","ascultari":5,"artist":["ODESZA","Brothertiger","Phantogram","Chromatics","Noble Oak"]},{"nume":"ninja","ascultari":2,"artist":["ODESZA","UNKLE"]},{"nume":"australian house","ascultari":1,"artist":["Dom Dolla"]},{"nume":"deep groove house","ascultari":5,"artist":["Dom Dolla","Gorgon City","Gorgon City","Gorgon City","Philip George"]},{"nume":"deep tech house","ascultari":1,"artist":["CamelPhat"]},{"nume":"pop dance","ascultari":10,"artist":["CamelPhat","Gorgon City","Gorgon City","Gorgon City","Jax Jones","David Guetta","Philip George","Armin van Buuren","Tiësto","Jonas Blue"]},{"nume":"garage rock","ascultari":1,"artist":["Arctic Monkeys"]},{"nume":"sheffield indie","ascultari":1,"artist":["Arctic Monkeys"]},{"nume":"rebel blues","ascultari":2,"artist":["Blues Saraceno","Brother Dege"]},{"nume":"glam metal","ascultari":3,"artist":["Guns N' Roses","Bon Jovi","Accept"]},{"nume":"acid rock","ascultari":2,"artist":["Jimi Hendrix","The Doors"]},{"nume":"proto-metal","ascultari":1,"artist":["Jimi Hendrix"]},{"nume":"acoustic pop","ascultari":2,"artist":["Jack Savoretti","Trevor Hall"]},{"nume":"old school thrash","ascultari":1,"artist":["Megadeth"]},{"nume":"speed metal","ascultari":2,"artist":["Megadeth","Accept"]},{"nume":"thrash metal","ascultari":2,"artist":["Megadeth","Accept"]},{"nume":"piano rock","ascultari":2,"artist":["OneRepublic","Kate Bush"]},{"nume":"new americana","ascultari":6,"artist":["The White Buffalo","Amythyst Kiah","My Morning Jacket","Roo Panes","Roo Panes","Bahamas"]},{"nume":"big beat","ascultari":4,"artist":["Massive Attack","UNKLE","The Prodigy","The Chemical Brothers"]},{"nume":"downtempo","ascultari":5,"artist":["Massive Attack","Flume","St Germain","Rhye","DARKSIDE"]},{"nume":"trip hop","ascultari":2,"artist":["Massive Attack","UNKLE"]},{"nume":"trap soul","ascultari":1,"artist":["Aaryan Shah"]},{"nume":"cyberpunk","ascultari":5,"artist":["Carpenter Brut","Timecop1983","Carpenter Brut","Carpenter Brut","Nine Inch Nails"]},{"nume":"darksynth","ascultari":4,"artist":["Carpenter Brut","Carpenter Brut","Carpenter Brut","Scattle"]},{"nume":"synthwave","ascultari":12,"artist":["Carpenter Brut","Timecop1983","Rosentwig","Carpenter Brut","Lucy In Disguise","Carpenter Brut","M|O|O|N","Lazerhawk","Vestron Vulture","Thomas Barrandon","Stilz","Makeup And Vanity Set"]},{"nume":"spacewave","ascultari":2,"artist":["Sami Matar","Stilz"]},{"nume":"chillsynth","ascultari":13,"artist":["Brothertiger","Eagle Eyed Tiger","Unfound","Krosia","John Dunder","Rosentwig","Lucy In Disguise","YOUTH 83","De Lorra","Xtract","Euan Ellis","Thomas Barrandon","Stilz"]},{"nume":"indie poptimism","ascultari":2,"artist":["Brothertiger","Oh Wonder"]},{"nume":"vaporwave","ascultari":6,"artist":["Eagle Eyed Tiger","Lucy In Disguise","FrankJavCee","Whitewoods ","Haircuts for Men","Skylar Spence"]},{"nume":"indie garage rock","ascultari":4,"artist":["Post Animal","The Holydrug Couple","Teen Suicide","Frowning"]},{"nume":"psicodelia chilena","ascultari":1,"artist":["The Holydrug Couple"]},{"nume":"lo-fi rap","ascultari":3,"artist":["Meltycanon","Hi, I'm Chris","FrankJavCee"]},{"nume":"lo-fi beats","ascultari":2,"artist":["goosetaf","Alicks"]},{"nume":"dark clubbing","ascultari":2,"artist":["Gesaffelstein","The Toxic Avenger"]},{"nume":"destroy techno","ascultari":1,"artist":["Gesaffelstein"]},{"nume":"birmingham metal","ascultari":1,"artist":["Ozzy Osbourne"]},{"nume":"boy band","ascultari":3,"artist":["*NSYNC","112","Big Time Rush"]},{"nume":"post-teen pop","ascultari":9,"artist":["*NSYNC","Dove Cameron","WILLOW","Gwen Stefani","Iggy Azalea","DNCE","Big Time Rush","Christina Milian","Avril Lavigne"]},{"nume":"future funk","ascultari":4,"artist":["FrankJavCee","Flamingosis","Whitewoods ","Skylar Spence"]},{"nume":"doom metal","ascultari":4,"artist":["A Pale Horse Named Death","Shape Of Despair","Evoken","Candlemass"]},{"nume":"gothic metal","ascultari":3,"artist":["A Pale Horse Named Death","Type O Negative","Shape Of Despair"]},{"nume":"nyc metal","ascultari":1,"artist":["A Pale Horse Named Death"]},{"nume":"drift phonk","ascultari":3,"artist":["WEEDMANE","Hensonn","Kordhell"]},{"nume":"art pop","ascultari":6,"artist":["Kate Bush","Caroline Polachek","Cocteau Twins","Chromatics","Charlotte Adigéry","Lorde"]},{"nume":"new wave pop","ascultari":7,"artist":["Kate Bush","Alphaville","The Boomtown Rats","4 Non Blondes","Starship","The Waterboys","Cyndi Lauper"]},{"nume":"uk alternative pop","ascultari":2,"artist":["North Downs","Whilk & Misky"]},{"nume":"electropop","ascultari":7,"artist":["Caroline Polachek","Oh Wonder","Bazzi","WILLOW","Chromatics","Emmit Fenn","Sasha Alex Sloan"]},{"nume":"escape room","ascultari":1,"artist":["Caroline Polachek"]},{"nume":"indietronica","ascultari":8,"artist":["Caroline Polachek","Phantogram","Crystal Castles","M.I.A.","Foster The People","Metronomy","STRFKR","Rhye"]},{"nume":"british soul","ascultari":2,"artist":["Babeheaven","Michael Kiwanuka"]},{"nume":"indie r&b","ascultari":2,"artist":["Babeheaven","Karnaval Blues"]},{"nume":"vapor soul","ascultari":4,"artist":["Babeheaven","Emmit Fenn","Karnaval Blues","Klyne"]},{"nume":"jazz pop","ascultari":1,"artist":["Tom Misch"]},{"nume":"black metal","ascultari":1,"artist":["Behemoth"]},{"nume":"pagan black metal","ascultari":1,"artist":["Behemoth"]},{"nume":"polish black metal","ascultari":1,"artist":["Behemoth"]},{"nume":"polish death metal","ascultari":1,"artist":["Behemoth"]},{"nume":"polish metal","ascultari":1,"artist":["Behemoth"]},{"nume":"manele","ascultari":4,"artist":["Dani Mocanu","Susanu","Sorinel de la Plopeni","Florin Salam"]},{"nume":"alt z","ascultari":4,"artist":["Abi","Abi","carolesdaughter","Sasha Alex Sloan"]},{"nume":"modern indie pop","ascultari":2,"artist":["Abi","Abi"]},{"nume":"australian metalcore","ascultari":1,"artist":["HVNDS"]},{"nume":"australian post-hardcore","ascultari":1,"artist":["HVNDS"]},{"nume":"post-screamo","ascultari":3,"artist":["HVNDS","Thousand Below","Aban"]},{"nume":"progressive post-hardcore","ascultari":1,"artist":["HVNDS"]},{"nume":"screamo","ascultari":3,"artist":["HVNDS","Sunny Day Real Estate","Dance Gavin Dance"]},{"nume":"romanian trap","ascultari":2,"artist":["Killa Fonic","Killa Fonic"]},{"nume":"ukrainian indie","ascultari":1,"artist":["I Hate Myself Because"]},{"nume":"arkansas country","ascultari":1,"artist":["Johnny Cash"]},{"nume":"outlaw country","ascultari":2,"artist":["Johnny Cash","Hank Williams, Jr."]},{"nume":"madchester","ascultari":2,"artist":["Joy Division","The Smiths"]},{"nume":"new wave","ascultari":6,"artist":["Joy Division","The Smiths","Cocteau Twins","Alphaville","The Boomtown Rats","The Police"]},{"nume":"post-punk","ascultari":1,"artist":["Joy Division"]},{"nume":"uk post-punk","ascultari":2,"artist":["Joy Division","The Smiths"]},{"nume":"pop r&b","ascultari":3,"artist":["Khalid","Tank","Pleasure P"]},{"nume":"chicago rap","ascultari":1,"artist":["Jeremih"]},{"nume":"r&b","ascultari":11,"artist":["Jeremih","Ginuwine","Miguel","Usher","Tank","112","Ne-Yo","Pleasure P","Ne-Yo","Mariah Carey","Christina Milian"]},{"nume":"urban contemporary","ascultari":14,"artist":["Jeremih","Ginuwine","Miguel","Usher","Tank","112","Ne-Yo","Pleasure P","Jennifer Lopez","Ne-Yo","Gwen Stefani","Mariah Carey","Christina Milian","Whitney Houston"]},{"nume":"afropop","ascultari":1,"artist":["Davido"]},{"nume":"ghanaian hip hop","ascultari":1,"artist":["Davido"]},{"nume":"nigerian pop","ascultari":1,"artist":["Davido"]},{"nume":"contemporary r&b","ascultari":3,"artist":["Ginuwine","Usher","112"]},{"nume":"hip pop","ascultari":6,"artist":["Ginuwine","112","Pleasure P","Gwen Stefani","Iggy Azalea","Christina Milian"]},{"nume":"neo soul","ascultari":2,"artist":["Ginuwine","Michael Kiwanuka"]},{"nume":"atl hip hop","ascultari":5,"artist":["Usher","112","CeeLo Green","Future","Migos"]},{"nume":"south carolina hip hop","ascultari":1,"artist":["Usher"]},{"nume":"slap house","ascultari":3,"artist":["SAINt JHN","Tiësto","Travis Scott"]},{"nume":"dirty south rap","ascultari":1,"artist":["Ace"]},{"nume":"a cappella","ascultari":1,"artist":["The Stanford Mendicants"]},{"nume":"synth funk","ascultari":1,"artist":["The Kount"]},{"nume":"chanson","ascultari":2,"artist":["Têtes Raides","Édith Piaf"]},{"nume":"french folk pop","ascultari":1,"artist":["Têtes Raides"]},{"nume":"french reggae","ascultari":1,"artist":["Têtes Raides"]},{"nume":"french rock","ascultari":1,"artist":["Têtes Raides"]},{"nume":"neue deutsche harte","ascultari":3,"artist":["Emigrate","Lindemann","Lindemann"]},{"nume":"grunge","ascultari":5,"artist":["Filter","Stone Temple Pilots","Failure","The Smashing Pumpkins","Kurt Cobain"]},{"nume":"g funk","ascultari":2,"artist":["2Pac","2Pac"]},{"nume":"west coast rap","ascultari":2,"artist":["2Pac","2Pac"]},{"nume":"underground hip hop","ascultari":4,"artist":["A$AP Ferg","BONES","Night Lovell","Omen"]},{"nume":"indonesian worship","ascultari":1,"artist":["Sound of Praise"]},{"nume":"world worship","ascultari":1,"artist":["Sound of Praise"]},{"nume":"fidget house","ascultari":1,"artist":["Fake Blood"]},{"nume":"canzone napoletana","ascultari":1,"artist":["Luciano Pavarotti"]},{"nume":"classical tenor","ascultari":1,"artist":["Luciano Pavarotti"]},{"nume":"italian tenor","ascultari":1,"artist":["Luciano Pavarotti"]},{"nume":"opera","ascultari":1,"artist":["Luciano Pavarotti"]},{"nume":"operatic pop","ascultari":3,"artist":["Luciano Pavarotti","Il Volo","Lara Fabian"]},{"nume":"italian progressive rock","ascultari":1,"artist":["Il Volo"]},{"nume":"uk dance","ascultari":7,"artist":["Gorgon City","Gorgon City","Gorgon City","Calvin Harris","Jax Jones","Philip George","Jonas Blue"]},{"nume":"portuguese pop","ascultari":3,"artist":["Salvador Sobral","Salvador Sobral","Salvador Sobral"]},{"nume":"torch song","ascultari":1,"artist":["Édith Piaf"]},{"nume":"vintage schlager","ascultari":1,"artist":["Édith Piaf"]},{"nume":"uk contemporary r&b","ascultari":1,"artist":["Naughty Boy"]},{"nume":"dominican pop","ascultari":1,"artist":["Fuego"]},{"nume":"latin","ascultari":2,"artist":["Fuego","Gadiel"]},{"nume":"latin hip hop","ascultari":2,"artist":["Fuego","Gadiel"]},{"nume":"rap dominicano","ascultari":1,"artist":["Fuego"]},{"nume":"reggaeton","ascultari":2,"artist":["Fuego","Gadiel"]},{"nume":"reggaeton flow","ascultari":2,"artist":["Fuego","Gadiel"]},{"nume":"trap latino","ascultari":3,"artist":["Fuego","Gadiel","Rvfv"]},{"nume":"french pop","ascultari":1,"artist":["Lara Fabian"]},{"nume":"deep turkish pop","ascultari":1,"artist":["Keremcem"]},{"nume":"turkish pop","ascultari":1,"artist":["Keremcem"]},{"nume":"reggae","ascultari":1,"artist":["Bob Marley & The Wailers"]},{"nume":"roots reggae","ascultari":1,"artist":["Bob Marley & The Wailers"]},{"nume":"supergroup","ascultari":1,"artist":["A Perfect Circle"]},{"nume":"el paso indie","ascultari":2,"artist":["The Mars Volta","Omar Rodríguez-López"]},{"nume":"electronic rock","ascultari":3,"artist":["Nine Inch Nails","✝✝✝ (Crosses)","Sohodolls"]},{"nume":"chillhop","ascultari":1,"artist":["Flamingosis"]},{"nume":"power blues-rock","ascultari":2,"artist":["Kirk Fletcher","Mike Zito"]},{"nume":"blues","ascultari":5,"artist":["Dr. John","Charlie Musselwhite","Eric Bibb","Shemekia Copeland","Dr. John"]},{"nume":"funk","ascultari":4,"artist":["Dr. John","Fantastic Negrito","Mavis Staples","Dr. John"]},{"nume":"jazz blues","ascultari":2,"artist":["Dr. John","Dr. John"]},{"nume":"louisiana blues","ascultari":2,"artist":["Dr. John","Dr. John"]},{"nume":"new orleans blues","ascultari":2,"artist":["Dr. John","Dr. John"]},{"nume":"piano blues","ascultari":2,"artist":["Dr. John","Dr. John"]},{"nume":"soul","ascultari":5,"artist":["Dr. John","Mavis Staples","Dr. John","Michael Kiwanuka","Dionne Warwick"]},{"nume":"acoustic blues","ascultari":4,"artist":["Charlie Musselwhite","Mike Zito","Eric Bibb","Shemekia Copeland"]},{"nume":"chicago blues","ascultari":1,"artist":["Charlie Musselwhite"]},{"nume":"harmonica blues","ascultari":1,"artist":["Charlie Musselwhite"]},{"nume":"traditional blues","ascultari":1,"artist":["Charlie Musselwhite"]},{"nume":"country","ascultari":3,"artist":["Hank Williams, Jr.","Un","Jason Aldean"]},{"nume":"alternative americana","ascultari":1,"artist":["Amythyst Kiah"]},{"nume":"black americana","ascultari":2,"artist":["Amythyst Kiah","Mavis Staples"]},{"nume":"gothic americana","ascultari":2,"artist":["Amythyst Kiah","Brother Dege"]},{"nume":"queer country","ascultari":1,"artist":["Amythyst Kiah"]},{"nume":"kc indie","ascultari":1,"artist":["Samantha Fish"]},{"nume":"classic canadian rock","ascultari":1,"artist":["Sass Jordan"]},{"nume":"hollywood","ascultari":1,"artist":["Dana Fuchs"]},{"nume":"garage punk blues","ascultari":1,"artist":["Son Of Dave"]},{"nume":"australian country","ascultari":1,"artist":["8 Ball Aitken"]},{"nume":"michigan folk","ascultari":1,"artist":["Luke Winslow-King"]},{"nume":"michigan indie","ascultari":1,"artist":["Luke Winslow-King"]},{"nume":"slam death metal","ascultari":3,"artist":["PeelingFlesh","Maggot Colony","Epicardiectomy"]},{"nume":"taiwan metal","ascultari":1,"artist":["Maggot Colony"]},{"nume":"brutal death metal","ascultari":1,"artist":["Epicardiectomy"]},{"nume":"finnish doom metal","ascultari":2,"artist":["Profetus","Shape Of Despair"]},{"nume":"funeral doom","ascultari":5,"artist":["Profetus","Night of Suicide","Monolithe","Shape Of Despair","Evoken"]},{"nume":"russian metal","ascultari":1,"artist":["Funeral Tears"]},{"nume":"kansas city hip hop","ascultari":1,"artist":["Tech N9ne"]},{"nume":"post-hardcore","ascultari":2,"artist":["Failure","Sunny Day Real Estate"]},{"nume":"spacegrunge","ascultari":3,"artist":["Failure","Superheaven","The Smashing Pumpkins"]},{"nume":"emo","ascultari":2,"artist":["Sunny Day Real Estate","Fallo"]},{"nume":"emo punk","ascultari":1,"artist":["Sunny Day Real Estate"]},{"nume":"midwest emo","ascultari":1,"artist":["Sunny Day Real Estate"]},{"nume":"reggae fusion","ascultari":1,"artist":["311"]},{"nume":"redneck","ascultari":1,"artist":["Rehab"]},{"nume":"british country","ascultari":1,"artist":["Elles Bailey"]},{"nume":"uk americana","ascultari":3,"artist":["Elles Bailey","Mumford & Sons","Mumford & Sons"]},{"nume":"bay area indie","ascultari":1,"artist":["Fantastic Negrito"]},{"nume":"uptempo hardcore","ascultari":1,"artist":["Omistettu"]},{"nume":"pixie","ascultari":1,"artist":["Dance Gavin Dance"]},{"nume":"swancore","ascultari":1,"artist":["Dance Gavin Dance"]},{"nume":"jazz trio","ascultari":2,"artist":["Bill Charlap Trio","Oscar Peterson Trio"]},{"nume":"background jazz","ascultari":14,"artist":["Hara Noda","Andy Miller Group","Danny Ryan Jazz Band","Maurice Font","Lia Riggs Trio","The Sweetgreens","Magnus Ringblom Quartet","David Hazeltine","Geeder","Brandon's Three","KTZ Players","Astoria Three","Turning Trio","Hudson Harris & Haim"]},{"nume":"j-ambient","ascultari":1,"artist":["Yasushi Yoshida"]},{"nume":"japanese piano","ascultari":1,"artist":["Yasushi Yoshida"]},{"nume":"muzica etno","ascultari":1,"artist":["Sorinel de la Plopeni"]},{"nume":"eurodance","ascultari":1,"artist":["Gigi D'Agostino"]},{"nume":"europop","ascultari":3,"artist":["Gigi D'Agostino","ABBA","Alphaville"]},{"nume":"italo dance","ascultari":1,"artist":["Gigi D'Agostino"]},{"nume":"acoustic rock","ascultari":1,"artist":["Kurt Cobain"]},{"nume":"swedish pop","ascultari":1,"artist":["ABBA"]},{"nume":"ukrainian viral pop","ascultari":1,"artist":["MoonDeity"]},{"nume":"disco","ascultari":3,"artist":["The Weather Girls","Cyndi Lauper","Dionne Warwick"]},{"nume":"hi-nrg","ascultari":1,"artist":["The Weather Girls"]},{"nume":"bulgarian pop","ascultari":1,"artist":["Azis"]},{"nume":"ethereal wave","ascultari":2,"artist":["Cocteau Twins","Sigur Rós"]},{"nume":"scottish indie","ascultari":1,"artist":["Cocteau Twins"]},{"nume":"shoegaze","ascultari":3,"artist":["Cocteau Twins","my bloody valentine","Benoît Pioulard"]},{"nume":"sped up","ascultari":2,"artist":["GoodBooks","siouxxie sixxsta"]},{"nume":"metropopolis","ascultari":3,"artist":["Phantogram","HEALTH","Lorde"]},{"nume":"bitpop","ascultari":1,"artist":["Crystal Castles"]},{"nume":"digital hardcore","ascultari":1,"artist":["Crystal Castles"]},{"nume":"neo-synthpop","ascultari":2,"artist":["Crystal Castles","Chromatics"]},{"nume":"nintendocore","ascultari":1,"artist":["Crystal Castles"]},{"nume":"philly indie","ascultari":1,"artist":["Alex G"]},{"nume":"viral rap","ascultari":5,"artist":["carolesdaughter","siouxxie sixxsta","Iggy Azalea","PierceTheSkies","Omen"]},{"nume":"noise pop","ascultari":3,"artist":["my bloody valentine","Eyedress","HEALTH"]},{"nume":"afrofuturism","ascultari":2,"artist":["Steve Lacy","WILLOW"]},{"nume":"brooklyn indie","ascultari":1,"artist":["Mitski"]},{"nume":"bedroom pop","ascultari":6,"artist":["Cuco","Oscar Lang","jagger finn","JAWNY","Strawberry Guy","Yot Club"]},{"nume":"weirdcore","ascultari":3,"artist":["Hisohkah","Paulie Leparik","Roar"]},{"nume":"dark synthpop","ascultari":2,"artist":["Pastel Ghost","PERMSKY KRAY"]},{"nume":"indie surf","ascultari":1,"artist":["Cults"]},{"nume":"alternative hip hop","ascultari":1,"artist":["Gorillaz"]},{"nume":"japanese experimental","ascultari":1,"artist":["Jun Togawa"]},{"nume":"japanese new wave","ascultari":1,"artist":["Jun Togawa"]},{"nume":"techno kayo","ascultari":1,"artist":["Jun Togawa"]},{"nume":"glitchcore","ascultari":1,"artist":["siouxxie sixxsta"]},{"nume":"hyperpop","ascultari":1,"artist":["siouxxie sixxsta"]},{"nume":"british invasion","ascultari":1,"artist":["The Rolling Stones"]},{"nume":"german soundtrack","ascultari":2,"artist":["Hans Zimmer","Hans Zimmer"]},{"nume":"electronic djent","ascultari":1,"artist":["Mick Gordon"]},{"nume":"folk","ascultari":3,"artist":["Bonnie Raitt","Mavis Staples","Nick Drake"]},{"nume":"lilith","ascultari":1,"artist":["Bonnie Raitt"]},{"nume":"modern funk","ascultari":1,"artist":["Seth Walker"]},{"nume":"muzica bisericeasca","ascultari":1,"artist":["Psalt Marian Moise"]},{"nume":"hardwave","ascultari":1,"artist":["Øneheart"]},{"nume":"big room","ascultari":2,"artist":["David Guetta","Tiësto"]},{"nume":"bass house","ascultari":1,"artist":["T2"]},{"nume":"brill building pop","ascultari":3,"artist":["Andy Williams","The Mamas & The Papas","Dionne Warwick"]},{"nume":"indie emo","ascultari":1,"artist":["Roosevelt"]},{"nume":"nu disco","ascultari":1,"artist":["Roosevelt"]},{"nume":"shiver pop","ascultari":2,"artist":["Roosevelt","Jim James"]},{"nume":"canadian electropop","ascultari":1,"artist":["Wolf Saga"]},{"nume":"london on indie","ascultari":1,"artist":["Wolf Saga"]},{"nume":"hip house","ascultari":1,"artist":["Vanilla"]},{"nume":"popwave","ascultari":2,"artist":["Gunship","Gunship"]},{"nume":"hardvapour","ascultari":1,"artist":["Haircuts for Men"]},{"nume":"hawaiian indie","ascultari":1,"artist":["Haircuts for Men"]},{"nume":"psychedelic space rock","ascultari":1,"artist":["Sleeping Pandora"]},{"nume":"space rock","ascultari":1,"artist":["Sleeping Pandora"]},{"nume":"ambient","ascultari":2,"artist":["Aphex Twin","Benoît Pioulard"]},{"nume":"braindance","ascultari":1,"artist":["Aphex Twin"]},{"nume":"intelligent dance music","ascultari":1,"artist":["Aphex Twin"]},{"nume":"uk experimental electronic","ascultari":1,"artist":["Aphex Twin"]},{"nume":"minneapolis indie","ascultari":1,"artist":["Dreams We've Had"]},{"nume":"socal pop punk","ascultari":1,"artist":["Metronomy"]},{"nume":"compositional ambient","ascultari":2,"artist":["Benoît Pioulard","Sigur Rós"]},{"nume":"drift","ascultari":1,"artist":["Benoît Pioulard"]},{"nume":"drone","ascultari":1,"artist":["Benoît Pioulard"]},{"nume":"warm drone","ascultari":1,"artist":["Benoît Pioulard"]},{"nume":"venezuelan rock","ascultari":1,"artist":["Caramel"]},{"nume":"filter house","ascultari":1,"artist":["The Toxic Avenger"]},{"nume":"chilean indie","ascultari":1,"artist":["tortuganónima"]},{"nume":"math rock latinoamericano","ascultari":1,"artist":["tortuganónima"]},{"nume":"belarusian indie","ascultari":1,"artist":["Nürnberg"]},{"nume":"russian post-punk","ascultari":2,"artist":["Nürnberg","Увула"]},{"nume":"ontario indie","ascultari":1,"artist":["Jaguar Sun"]},{"nume":"french indie pop","ascultari":1,"artist":["French 79"]},{"nume":"french indietronica","ascultari":1,"artist":["French 79"]},{"nume":"new french touch","ascultari":2,"artist":["French 79","Klyne"]},{"nume":"russian alt pop","ascultari":1,"artist":["Увула"]},{"nume":"russian shoegaze","ascultari":1,"artist":["Увула"]},{"nume":"classic japanese jazz","ascultari":1,"artist":["セキトオ・シゲオ"]},{"nume":"portuguese indie","ascultari":1,"artist":["Ditch Days"]},{"nume":"dark trap","ascultari":4,"artist":["BONES","Ghostemane","Night Lovell","Omen"]},{"nume":"moldovan pop","ascultari":1,"artist":["Carla's Dreams"]},{"nume":"new romantic","ascultari":3,"artist":["Alphaville","The Boomtown Rats","Starship"]},{"nume":"synthpop","ascultari":1,"artist":["Alphaville"]},{"nume":"muzica usoara","ascultari":1,"artist":["Stefan Banica"]},{"nume":"turkish deep house","ascultari":1,"artist":["Mahmut Orhan"]},{"nume":"turkish edm","ascultari":1,"artist":["Mahmut Orhan"]},{"nume":"country road","ascultari":2,"artist":["Un","Jason Aldean"]},{"nume":"atmospheric black metal","ascultari":1,"artist":["Shape Of Despair"]},{"nume":"atmospheric doom","ascultari":1,"artist":["Shape Of Despair"]},{"nume":"voidgaze","ascultari":1,"artist":["Shape Of Despair"]},{"nume":"australian garage punk","ascultari":1,"artist":["Frowning"]},{"nume":"garage rock revival","ascultari":1,"artist":["Frowning"]},{"nume":"death doom","ascultari":1,"artist":["Evoken"]},{"nume":"epic doom","ascultari":1,"artist":["Candlemass"]},{"nume":"opera metal","ascultari":1,"artist":["Candlemass"]},{"nume":"swedish doom metal","ascultari":1,"artist":["Candlemass"]},{"nume":"prog metal","ascultari":1,"artist":["Sleep Token"]},{"nume":"french death metal","ascultari":2,"artist":["Gojira","Death Decline"]},{"nume":"french metal","ascultari":1,"artist":["Gojira"]},{"nume":"progressive groove metal","ascultari":3,"artist":["Gojira","Meshuggah","Machine Head"]},{"nume":"power metal","ascultari":2,"artist":["Bruce Dickinson","Accept"]},{"nume":"grave wave","ascultari":1,"artist":["HEALTH"]},{"nume":"noise rock","ascultari":1,"artist":["HEALTH"]},{"nume":"german heavy metal","ascultari":1,"artist":["Accept"]},{"nume":"austrian black metal","ascultari":1,"artist":["Harakiri for the Sky"]},{"nume":"austrian metal","ascultari":1,"artist":["Harakiri for the Sky"]},{"nume":"blackgaze","ascultari":1,"artist":["Harakiri for the Sky"]},{"nume":"post-black metal","ascultari":1,"artist":["Harakiri for the Sky"]},{"nume":"djent","ascultari":1,"artist":["Meshuggah"]},{"nume":"technical groove metal","ascultari":1,"artist":["Meshuggah"]},{"nume":"technical thrash","ascultari":1,"artist":["Meshuggah"]},{"nume":"melodic groove metal","ascultari":1,"artist":["Machine Head"]},{"nume":"dutch trance","ascultari":1,"artist":["Armin van Buuren"]},{"nume":"trance","ascultari":2,"artist":["Armin van Buuren","Tiësto"]},{"nume":"lo-fi chill","ascultari":1,"artist":["dwsdmusic"]},{"nume":"modern jazz piano","ascultari":1,"artist":["David Hazeltine"]},{"nume":"bebop","ascultari":1,"artist":["Oscar Peterson Trio"]},{"nume":"jazz","ascultari":2,"artist":["Oscar Peterson Trio","Alan Pasqua"]},{"nume":"stride","ascultari":1,"artist":["Oscar Peterson Trio"]},{"nume":"classic uk pop","ascultari":1,"artist":["The Boomtown Rats"]},{"nume":"pub rock","ascultari":1,"artist":["The Boomtown Rats"]},{"nume":"virginia metal","ascultari":1,"artist":["Lamb of God"]},{"nume":"contemporary jazz","ascultari":1,"artist":["Alan Pasqua"]},{"nume":"danish jazz","ascultari":1,"artist":["Alan Pasqua"]},{"nume":"ecm-style jazz","ascultari":1,"artist":["Alan Pasqua"]},{"nume":"italian jazz","ascultari":1,"artist":["Alan Pasqua"]},{"nume":"jazz piano","ascultari":1,"artist":["Alan Pasqua"]},{"nume":"swedish jazz","ascultari":1,"artist":["Alan Pasqua"]},{"nume":"turkish post-punk","ascultari":2,"artist":["Cry A Laugh","Turkish Delight"]},{"nume":"punk blues","ascultari":1,"artist":["Cage The Elephant"]},{"nume":"country blues","ascultari":1,"artist":["Eric Bibb"]},{"nume":"piedmont blues","ascultari":1,"artist":["Eric Bibb"]},{"nume":"southern soul","ascultari":1,"artist":["Mavis Staples"]},{"nume":"spirituals","ascultari":1,"artist":["Mavis Staples"]},{"nume":"dixieland","ascultari":1,"artist":["Louis Armstrong"]},{"nume":"harlem renaissance","ascultari":1,"artist":["Louis Armstrong"]},{"nume":"new orleans jazz","ascultari":1,"artist":["Louis Armstrong"]},{"nume":"soul blues","ascultari":1,"artist":["Shemekia Copeland"]},{"nume":"bubblegum pop","ascultari":1,"artist":["The Mamas & The Papas"]},{"nume":"sunshine pop","ascultari":1,"artist":["The Mamas & The Papas"]},{"nume":"canadian hip hop","ascultari":2,"artist":["Drake","Night Lovell"]},{"nume":"toronto rap","ascultari":1,"artist":["Drake"]},{"nume":"hawaiian hip hop","ascultari":1,"artist":["Russ"]},{"nume":"florida rap","ascultari":1,"artist":["Ghostemane"]},{"nume":"beatlesque","ascultari":1,"artist":["Badfinger"]},{"nume":"jangle pop","ascultari":1,"artist":["Badfinger"]},{"nume":"power pop","ascultari":1,"artist":["Badfinger"]},{"nume":"christian alternative rock","ascultari":2,"artist":["Skillet","Lauren Daigle"]},{"nume":"christian music","ascultari":2,"artist":["Skillet","Lauren Daigle"]},{"nume":"canadian metalcore","ascultari":2,"artist":["Andrew Baena","Aban"]},{"nume":"k-rap","ascultari":1,"artist":["PSY"]},{"nume":"korean old school hip hop","ascultari":1,"artist":["PSY"]},{"nume":"lafayette indie","ascultari":1,"artist":["Brother Dege"]},{"nume":"lgbtq+ hip hop","ascultari":1,"artist":["Lil Nas X"]},{"nume":"australian hip hop","ascultari":1,"artist":["Iggy Azalea"]},{"nume":"new orleans rap","ascultari":2,"artist":["Lil Wayne","Lil Wayne"]},{"nume":"aesthetic rap","ascultari":1,"artist":["Night Lovell"]},{"nume":"canadian trap","ascultari":1,"artist":["Night Lovell"]},{"nume":"ottawa rap","ascultari":1,"artist":["Night Lovell"]},{"nume":"chill pop","ascultari":1,"artist":["Karnaval Blues"]},{"nume":"vapor twitch","ascultari":1,"artist":["Karnaval Blues"]},{"nume":"children's music","ascultari":2,"artist":["Just Kids","Disney Studio Chorus"]},{"nume":"boston hip hop","ascultari":1,"artist":["Joyner Lucas"]},{"nume":"disney","ascultari":1,"artist":["Disney Studio Chorus"]},{"nume":"breakbeat","ascultari":2,"artist":["The Prodigy","The Chemical Brothers"]},{"nume":"hardcore techno","ascultari":1,"artist":["The Prodigy"]},{"nume":"rave","ascultari":2,"artist":["The Prodigy","The Chemical Brothers"]},{"nume":"man's orchestra","ascultari":1,"artist":["Percy Faith"]},{"nume":"contemporary country","ascultari":1,"artist":["Jason Aldean"]},{"nume":"brostep","ascultari":1,"artist":["Tiësto"]},{"nume":"dutch edm","ascultari":1,"artist":["Tiësto"]},{"nume":"belgian electronic","ascultari":1,"artist":["Charlotte Adigéry"]},{"nume":"belgian indie","ascultari":1,"artist":["Charlotte Adigéry"]},{"nume":"chamber psych","ascultari":2,"artist":["Charlotte Adigéry","Pumarosa"]},{"nume":"indie folk","ascultari":5,"artist":["My Morning Jacket","Nick Mulvey","Roo Panes","Roo Panes","Bahamas"]},{"nume":"jam band","ascultari":1,"artist":["My Morning Jacket"]},{"nume":"louisville indie","ascultari":1,"artist":["My Morning Jacket"]},{"nume":"stomp and holler","ascultari":6,"artist":["My Morning Jacket","Mumford & Sons","Roo Panes","Roo Panes","Bahamas","Mumford & Sons"]},{"nume":"nz pop","ascultari":1,"artist":["Lorde"]},{"nume":"yakut pop","ascultari":1,"artist":["Lorde"]},{"nume":"british folk","ascultari":1,"artist":["Nick Drake"]},{"nume":"modern folk rock","ascultari":2,"artist":["Mumford & Sons","Mumford & Sons"]},{"nume":"indie jazz","ascultari":1,"artist":["Pete Josef"]},{"nume":"australian dance","ascultari":1,"artist":["Flume"]},{"nume":"australian electropop","ascultari":1,"artist":["Flume"]},{"nume":"australian indie","ascultari":1,"artist":["Flume"]},{"nume":"jazztronica","ascultari":1,"artist":["St Germain"]},{"nume":"nu jazz","ascultari":1,"artist":["St Germain"]},{"nume":"dutch r&b","ascultari":1,"artist":["Klyne"]},{"nume":"british singer-songwriter","ascultari":3,"artist":["Nick Mulvey","Roo Panes","Roo Panes"]},{"nume":"cambridgeshire indie","ascultari":1,"artist":["Nick Mulvey"]},{"nume":"indiecoustica","ascultari":2,"artist":["Roo Panes","Roo Panes"]},{"nume":"icelandic rock","ascultari":1,"artist":["Sigur Rós"]},{"nume":"nordic post-rock","ascultari":1,"artist":["Sigur Rós"]},{"nume":"post-rock","ascultari":1,"artist":["Sigur Rós"]},{"nume":"psychedelic soul","ascultari":2,"artist":["Michael Kiwanuka","Skinshape"]},{"nume":"high vibe","ascultari":1,"artist":["Trevor Hall"]},{"nume":"south carolina indie","ascultari":1,"artist":["Trevor Hall"]},{"nume":"canadian indie","ascultari":1,"artist":["Bahamas"]},{"nume":"pop soul","ascultari":1,"artist":["SAULT"]},{"nume":"philly rap","ascultari":1,"artist":["Lil Uzi Vert"]},{"nume":"pittsburgh rap","ascultari":1,"artist":["Wiz Khalifa"]},{"nume":"italian hip hop","ascultari":7,"artist":["Capo Plaza","Inoki","Shiva","Capo Plaza","Tedua","Bassi Maestro","Mondo Marcio"]},{"nume":"trap italiana","ascultari":4,"artist":["Capo Plaza","Shiva","Capo Plaza","Tedua"]},{"nume":"italian underground hip hop","ascultari":3,"artist":["Inoki","Bassi Maestro","Mondo Marcio"]},{"nume":"uk alternative hip hop","ascultari":1,"artist":["Leaf Dog"]},{"nume":"uk hip hop","ascultari":1,"artist":["Leaf Dog"]},{"nume":"indie liguria","ascultari":1,"artist":["Tedua"]},{"nume":"rap genovese","ascultari":1,"artist":["Tedua"]},{"nume":"rap italiano old school","ascultari":1,"artist":["Bassi Maestro"]},{"nume":"canadian post-hardcore","ascultari":1,"artist":["Aban"]},{"nume":"trancecore","ascultari":1,"artist":["Aban"]},{"nume":"drill espanol","ascultari":1,"artist":["Rvfv"]},{"nume":"flamenco urbano","ascultari":1,"artist":["Rvfv"]},{"nume":"urbano espanol","ascultari":1,"artist":["Rvfv"]},{"nume":"candy pop","ascultari":1,"artist":["Avril Lavigne"]},{"nume":"athens indie","ascultari":1,"artist":["R.E.M."]},{"nume":"australian rock","ascultari":1,"artist":["Crowded House"]},{"nume":"celtic rock","ascultari":1,"artist":["The Waterboys"]},{"nume":"scottish new wave","ascultari":1,"artist":["The Waterboys"]},{"nume":"scottish rock","ascultari":1,"artist":["The Waterboys"]},{"nume":"quiet storm","ascultari":1,"artist":["Dionne Warwick"]},{"nume":"ccm","ascultari":1,"artist":["Lauren Daigle"]},{"nume":"worship","ascultari":1,"artist":["Lauren Daigle"]},{"nume":"pov: indie","ascultari":2,"artist":["Roar","Current Joys"]},{"nume":"japanese instrumental","ascultari":1,"artist":["Thomas Hardin Trio"]}]}