{"melodie_anterioara":"In the Mood for Love","artist_anterior":"Eagle Eyed Tiger","id_melodie_anterioara":1704885305508,"artisti":[{"formatie":"Deftones","piese":["Entombed","Rosemary","Minerva","Sextape","Hole in the Earth","This Place Is Death","Risk","Around the Fur","Ohms","Ceremony","Kimdracula","Change (In the House of Flies)","Romantic Dreams","Passenger","Diamond Eyes","You've Seen the Butcher","Digital Bath","Pink Maggit","Beware"],"ascultari":[16,6,5,15,10,7,2,2,3,3,2,4,3,1,1,1,4,1,3]},{"formatie":"Metallica","piese":["Fade To Black - Remastered","Sad But True","Enter Sandman","Welcome Home (Sanitarium) - Remastered","The Unforgiven","The Day That Never Comes","Whiskey In The Jar","Am I Evil? - Live At The Aragon Ballroom, Chicago, IL / May 25th, 1986","Wherever I May Roam","Nothing Else Matters","Master Of Puppets","Fuel","Now That We’re Dead","Eye Of The Beholder","One","Welcome Home (Sanitarium)"],"ascultari":[5,9,5,3,2,5,3,1,1,1,1,1,1,1,1,1]},{"formatie":"Avenged Sevenfold","piese":["Acid Rain","The Stage","Crimson Day","I Won't See You Tonight Part 1","This Means War","Roman Sky","Dear God","Afterlife","Until the End","Unholy Confessions","Almost Easy","Unbound (The Wild Ride)"],"ascultari":[11,6,4,9,9,12,1,1,1,5,1,1]},{"formatie":"Marilyn Manson","piese":["Running To The Edge Of The World","Odds Of Even","SOLVE COAGULA","Coma White","Killing Strangers","RED BLACK AND BLUE","Blood Honey","Tourniquet","Warship My Wreck","(s)AINT","BROKEN NEEDLE","Cupid Carries A Gun","PAINT YOU WITH MY LOVE","Coma Black","The Nobodies","The Fall Of Adam","King Kill 33","Misery Machine","Organ Grinder","Revelation 9","WE KNOW WHERE YOU FUCKING LIVE","KILL4ME","Saturnalia","Threats Of Romance","Cry Little Sister","EAT ME, DRINK ME","DON'T CHASE THE DEAD","The Fight Song","Deep Six","Third Day Of A Seven Day Binge","The Mephistopheles Of Los Angeles","Slave Only Dreams To Be King","The Devil Beneath My Feet","Birds Of Hell Awaiting","Fated, Faithful, Fatal","Fall Of The House Of Death","SAY10","Ka-Boom Ka-Boom","Para-noir","The Bright Young Things","Better Of Two Evils","Vodevil","Tainted Love","The Beautiful People","Godeatgod","Heaven Upside Down","JE$U$ CRI$I$","Doll-Dagga Buzz-Buzz Ziggety-Zag","Antichrist Superstar","Angel With The Scabbed Wings","Slutgarden","Revelation #12","Tattooed In Reverse","Astonishing Panorama Of The Endtimes - Album Version Explicit","Get Your Gunn","Overneath the Path of Misery","The Reflecting God","Putting Holes In Happiness","Evidence","This Is The New Shit","PERFUME","Man That You Fear","The Love Song","God's Gonna Cut You Down","Personal Jesus","Long Hard Road Out Of Hell","Disposable Teens","\"President Dead\"","Cruci-fiction In Space","A Place In The Dirt","Obsequey (The Death Of Art)","The Last Day On Earth","Great Big White World - Live Version (Explicit)","The Speed Of Pain","Thaeter","Use Your Fist And Not Your Mouth","Get Your Gunn - Live Version (Explicit)","No Reflection","The Golden Age Of Grotesque","WE ARE CHAOS","HALF-WAY & ONE STEP FORWARD","The Dope Show","I Don't Like The Drugs (But The Drugs Like Me)","Lamb Of God","Valentine's Day","Count To Six And Die (The Vacuum Of Infinite Space Encompassing)","Sweet Dreams (Are Made Of This)","Day 3"],"ascultari":[13,16,2,10,12,2,10,7,5,11,2,6,5,1,5,3,1,1,1,1,3,3,4,3,2,5,4,2,4,5,4,4,2,3,2,4,7,6,7,1,1,1,7,2,1,2,5,1,1,3,1,1,2,2,2,1,2,3,1,5,1,1,2,3,1,2,2,1,1,1,2,1,1,2,1,1,1,1,1,1,1,1,1,1,6,1,1,1]},{"formatie":"Franc Moody","piese":["Dopamine","Dream in Colour"],"ascultari":[6,1]},{"formatie":"Hozier","piese":["Arsonist's Lullabye","Take Me To Church"],"ascultari":[5,1]},{"formatie":"Molchat Doma","piese":["Тишина","Клетка","Тоска","Фильмы","Прятки","Утонуть / Utonut'","Танцевать","Судно (Борис Рижий)","Звезды","На Дне"],"ascultari":[8,11,10,2,1,21,11,13,1,5]},{"formatie":"Parcels","piese":["Tieduprightnow","Overnight","LIGHT","Free"],"ascultari":[6,10,1,1]},{"formatie":"Peter Crosby","piese":["Whatever, Whatever"],"ascultari":[6]},{"formatie":"Peter Gabriel","piese":["My Body Is A Cage","I Think It's Going To Rain Today","Heroes","The Boy In The Bubble","Flume","Listening Wind","The Power Of The Heart","The Book Of Love","Apres Moi","Street Spirit (Fade Out)","My Body Is A Cage - Oxford London Temple Version","Heroes - Wildebeest Mix"],"ascultari":[6,1,2,1,1,1,1,1,1,1,1,1]},{"formatie":"Seekae; Flume","piese":["Test & Recognise - Flume Re-work"],"ascultari":[7]},{"formatie":"Peter Green","piese":["A Fool No More"],"ascultari":[1]},{"formatie":"Pete Yorn","piese":["Calm Down"],"ascultari":[5]},{"formatie":"Phantogram; xxtristanxo; Slowed Radio; Future Islands","piese":["Black Out Days - Future Islands Remix (Slowed)"],"ascultari":[11]},{"formatie":"Pink Floyd","piese":["Another Brick In The Wall, Pt. 3 - 2011 Remastered Version"],"ascultari":[2]},{"formatie":"Queen","piese":["Who Wants To Live Forever - Remastered 2011","The Show Must Go On","We Are The Champions - Remastered 2011","Bohemian Rhapsody - Remastered 2011","Bohemian Rhapsody","Who Wants To Live Forever","Don't Stop Me Now - Remastered 2011","Don't Stop Me Now - ...Revisited"],"ascultari":[5,11,2,1,1,2,1,1]},{"formatie":"Radiohead","piese":["All I Need","How to Disappear Completely"],"ascultari":[2,1]},{"formatie":"Soen","piese":["Lucidity","Monarch"],"ascultari":[24,3]},{"formatie":"In This Moment; Rob Halford","piese":["Black Wedding (feat. Rob Halford)"],"ascultari":[4]},{"formatie":"Lil Peep","piese":["Problems","Star Shopping","16 Lines","Benz Truck (гелик)"],"ascultari":[7,5,1,1]},{"formatie":"Loathe","piese":["Is It Really You?","Two-Way Mirror"],"ascultari":[3,1]},{"formatie":"$uicideboy$","piese":["Kill Yourself (Part III)"],"ascultari":[4]},{"formatie":"XXXTENTACION; Trippie Redd","piese":["Fuck Love (feat. Trippie Redd)"],"ascultari":[6]},{"formatie":"Joji","piese":["YEAH RIGHT","Your Man","Glimpse of Us","Will He","I'LL SEE YOU IN 40","SLOW DANCING IN THE DARK","I Don't Wanna Waste My Time","Window","TEST DRIVE","SLOW DANCING IN THE DARK - Acoustic Remix","Like You Do","worldstar money (interlude)","YUKON (INTERLUDE)","Sanctuary","Demons"],"ascultari":[7,1,10,5,3,4,5,1,1,1,1,2,3,2,1]},{"formatie":"Dean Martin; Dick Stabile And His Orchestra","piese":["That's Amore"],"ascultari":[1]},{"formatie":"Balkaneros Banditos","piese":["Lasciatemi Cantare"],"ascultari":[2]},{"formatie":"Spitalul de urgență","piese":["Bici my mother","Prietenii"],"ascultari":[1,1]},{"formatie":"Bullet For My Valentine","piese":["Tears Don't Fall","Playing God","Alone","Pleasure And Pain","Your Betrayal","Raising Hell","Run for Your Life","Pariah","Hell or High Water","Omen"],"ascultari":[5,2,1,1,1,1,1,1,1,1]},{"formatie":"Post Malone","piese":["Stay"],"ascultari":[6]},{"formatie":"Marc Rebillet","piese":["Work That Ass for Daddy","I Need You","Bridge","Hold On","LAN","Another Idea","Reach Out","You and Me","Surviving","VACCINATED ATTITUDE","I'm a Flamingo","Coffee","Throw That Shit Out","You Were There","Berlin - Live","Essential Workers Anthem"],"ascultari":[12,4,13,11,8,3,2,21,2,3,3,1,1,2,1,1]},{"formatie":"Feder; Lyse","piese":["Goodbye (feat. Lyse) - Radio Edit"],"ascultari":[7]},{"formatie":"Tom Petty and the Heartbreakers","piese":["Mary Jane's Last Dance"],"ascultari":[1]},{"formatie":"Beach Weather","piese":["Sex, Drugs, Etc."],"ascultari":[2]},{"formatie":"Black Sabbath","piese":["Heaven and Hell - 2009 Remaster"],"ascultari":[4]},{"formatie":"Blues Delight","piese":["Slightly Hung Over"],"ascultari":[5]},{"formatie":"Blues Saraceno; Nine One One","piese":["Wicked Gonna Come","Evil Got a Hold on Me"],"ascultari":[5,2]},{"formatie":"Scorpions","piese":["No One Like You","Wind Of Change","Still Loving You"],"ascultari":[1,2,1]},{"formatie":"Thundercat","piese":["3AM","Funny Thing"],"ascultari":[2,1]},{"formatie":"C418","piese":["Mice On Venus","The End","Beton","Aviva","Excuse"],"ascultari":[5,1,1,1,1]},{"formatie":"Dope","piese":["Bitch","No Way Out","Debonaire","Die MF Die"],"ascultari":[1,4,1,2]},{"formatie":"Bring Me The Horizon","piese":["Parasite Eve","Go to Hell, for Heaven's Sake","Shadow Moses","Can You Feel My Heart","Sleepwalking"],"ascultari":[4,2,1,4,1]},{"formatie":"Virgin Magnetic Material","piese":["Make It Wit Chu"],"ascultari":[34]},{"formatie":"Darius","piese":["Espoir"],"ascultari":[15]},{"formatie":"The Cranberries","piese":["Zombie"],"ascultari":[5]},{"formatie":"Bay Faction","piese":["Are You In The Mood?"],"ascultari":[4]},{"formatie":"Luna Stars","piese":["Swing Slo"],"ascultari":[2]},{"formatie":"The Growlers","piese":["Orgasm of Death"],"ascultari":[3]},{"formatie":"No Doubt","piese":["Don't Speak"],"ascultari":[8]},{"formatie":"Gnarls Barkley","piese":["Crazy"],"ascultari":[1]},{"formatie":"Dark Tranquillity","piese":["Auctioned"],"ascultari":[1]},{"formatie":"Gianna Nannini","piese":["Amandoti"],"ascultari":[10]},{"formatie":"Tame Impala","piese":["Taxi’s Here","Eventually","Powerlines","Breathe Deeper","Borderline","Lost In Yesterday","The Less I Know The Better","Love/Paranoia","Nangs","Reality In Motion","Let It Happen","Posthumous Forgiveness","New Person, Same Old Mistakes","One More Hour","Feels Like We Only Go Backwards","Tomorrow's Dust"],"ascultari":[14,2,4,2,14,1,1,1,5,9,14,5,7,2,1,1]},{"formatie":"Reignwolf","piese":["Are You Satisfied?"],"ascultari":[1]},{"formatie":"Red Hot Chili Peppers","piese":["Pink as Floyd"],"ascultari":[3]},{"formatie":"MCC [Magna Carta Cartel]","piese":["Counting Down the Days","Valiant Visions Dawn","Counting Down The Days"],"ascultari":[27,7,4]},{"formatie":"Ylvis","piese":["The Fox (What Does the Fox Say?)"],"ascultari":[3]},{"formatie":"Toddla T; Andrea Martin","piese":["Magnet"],"ascultari":[2]},{"formatie":"Mike Posner","piese":["I Took A Pill In Ibiza"],"ascultari":[1]},{"formatie":"Three Days Grace","piese":["Human Race","Someone Who Cares","Last to Know","Get Out Alive","Pain","Let It Die","Somebody That I Used to Know","It's All Over","Me Against You","I Am An Outsider"],"ascultari":[2,1,1,1,2,2,1,1,1,1]},{"formatie":"Therese Lithner","piese":["Drown"],"ascultari":[14]},{"formatie":"Two Feet","piese":["I Feel Like I'm Drowning"],"ascultari":[8]},{"formatie":"Aaron Smith; Luvli; Krono","piese":["Dancin - Krono Remix"],"ascultari":[1]},{"formatie":"Lynyrd Skynyrd","piese":["Free Bird"],"ascultari":[8]},{"formatie":"Jairo Bonfim","piese":["Sem Deus Não Dá"],"ascultari":[1]},{"formatie":"Salvador Sobral","piese":["Amar Pelos Dois","Amar pelos dois - Ao vivo","mar de memórias","Anda estragar-me os planos","Nem eu","Excuse Me","Nada que esperar - Ao vivo","Something real - Ao vivo","Mano a Mano","Paris, Tokyo II","paint the town","bom vento","se de mim precisarem","that old waltz","páginas soltas","Cerca del mar","Autumn in New York","Ready for love again","sangue do meu sangue"],"ascultari":[9,1,1,1,2,2,1,1,1,3,5,2,1,1,2,1,1,1,3]},{"formatie":"Harry James","piese":["It's Been a Long, Long Time"],"ascultari":[1]},{"formatie":"EXO","piese":["Monster"],"ascultari":[4]},{"formatie":"BTS","piese":["FAKE LOVE"],"ascultari":[4]},{"formatie":"ATARASHII GAKKO!; H ZETTRIO","piese":["okami no uta"],"ascultari":[1]},{"formatie":"ATARASHII GAKKO!","piese":["kimiwaina'17","Quesera sera","koi geba","WOO! GO!","NAINAINAI"],"ascultari":[1,1,3,2,1]},{"formatie":"Chris Isaak","piese":["Lie To Me","Nothing's Changed","Wicked Game","Blue Hotel"],"ascultari":[38,7,19,8]},{"formatie":"Chris Stapleton","piese":["Outlaw State Of Mind"],"ascultari":[1]},{"formatie":"Tyler Bryant & the Shakedown","piese":["Devil's Keep"],"ascultari":[7]},{"formatie":"rei brown","piese":["Islands","I Can't See You In The Dark","Forever","Picture Frames","Afraid","Everything Falls Apart","Where Did I Go","Landing On Mars","Won't"],"ascultari":[12,2,1,15,1,1,1,13,1]},{"formatie":"Slowdive","piese":["Sugar for the Pill","When the Sun Hits"],"ascultari":[3,1]},{"formatie":"Beach House","piese":["Space Song","Silver Soul"],"ascultari":[13,2]},{"formatie":"Seether","piese":["Fake It","Careless Whisper","Nobody Praying For Me"],"ascultari":[1,1,1]},{"formatie":"The Weeknd; Daft Punk","piese":["Starboy"],"ascultari":[5]},{"formatie":"Cigarettes After Sex","piese":["Cry","Apocalypse"],"ascultari":[8,6]},{"formatie":"Chevelle","piese":["To Return","Still Running"],"ascultari":[3,2]},{"formatie":"Enrique Iglesias; Ciara","piese":["Takin' Back My Love"],"ascultari":[1]},{"formatie":"Stromae","piese":["Papaoutai"],"ascultari":[1]},{"formatie":"Tion Wayne; Russ Millions; ArrDee; E1 (3x3); ZT (3x3)","piese":["Body (Remix) [feat. ArrDee, E1 (3x3), ZT (3x3), Bugzy Malone, Buni, Fivio Foreign & Darkoo]"],"ascultari":[2]},{"formatie":"Hippie Sabotage","piese":["Devil Eyes"],"ascultari":[1]},{"formatie":"Wiz Khalifa","piese":["Black and Yellow"],"ascultari":[3]},{"formatie":"YG","piese":["Stop Snitchin"],"ascultari":[3]},{"formatie":"KALEO","piese":["I Can't Go on Without You","Way down We Go","Broken Bones"],"ascultari":[2,1,1]},{"formatie":"G-Eazy; Bebe Rexha","piese":["Me, Myself & I"],"ascultari":[1]},{"formatie":"Jaymes Young","piese":["I'll Be Good"],"ascultari":[1]},{"formatie":"Ava Max","piese":["So Am I","Kings & Queens"],"ascultari":[1,1]},{"formatie":"Boris Brejcha","piese":["Devil","Puki","Amisette","Cocoloco - Mixed","Verstaubter Fruchtzucker - Remastered","Shikora - Remastered","Redemption"],"ascultari":[2,1,1,1,1,1,1]},{"formatie":"Boris Brejcha; Laura Korinth","piese":["Gravity"],"ascultari":[1]},{"formatie":"Orbital; Yotto","piese":["Belfast - Yotto Remix"],"ascultari":[5]},{"formatie":"Tinlicker; Jamie Irrepressible","piese":["You Take My Hand"],"ascultari":[3]},{"formatie":"Grum","piese":["Lose Control"],"ascultari":[2]},{"formatie":"Avoure","piese":["Aura","Ray"],"ascultari":[2,1]},{"formatie":"ARTBAT","piese":["Horizon"],"ascultari":[2]},{"formatie":"i_o; Lights","piese":["Annihilation"],"ascultari":[1]},{"formatie":"Luttrell","piese":["Twin Souls"],"ascultari":[1]},{"formatie":"KAS:ST","piese":["Hell on Earth"],"ascultari":[1]},{"formatie":"Daso","piese":["Meine"],"ascultari":[1]},{"formatie":"Estiva","piese":["Icarus"],"ascultari":[1]},{"formatie":"Nora En Pure","piese":["Fibonacci"],"ascultari":[1]},{"formatie":"Tinlicker","piese":["Lost Gravity"],"ascultari":[1]},{"formatie":"Patrice Bäumel; Adana Twins","piese":["Roar - Adana Twins Remix"],"ascultari":[1]},{"formatie":"gardenstate","piese":["Delta"],"ascultari":[1]},{"formatie":"Rich Brian; Joji","piese":["Introvert (feat. Joji)"],"ascultari":[1]},{"formatie":"88rising; AUGUST 08; Joji; Barney Bones; Rich Brian","piese":["Hopscotch (feat. Barney Bones & Rich Brian)"],"ascultari":[2]},{"formatie":"Pink Guy","piese":["Rice Balls","We Fall Again","Please Stop Calling Me Gay","Dumplings","D I C C W E T T 1","High School Blink193","SMD","Be Inspired","I Will Get a Vasectomy"],"ascultari":[1,1,1,1,1,1,1,1,1]},{"formatie":"Bonobo; Joji","piese":["From You"],"ascultari":[3]},{"formatie":"Joji; rei brown","piese":["Normal People (feat. rei brown)"],"ascultari":[1]},{"formatie":"Satanic Planet","piese":["999"],"ascultari":[2]},{"formatie":"Slayer","piese":["Darkness Of Christ","Deviance","Raining Blood","Delusions of Saviour"],"ascultari":[1,1,1,2]},{"formatie":"Lorn","piese":["Acid Rain","CUT THE ANCHOR"],"ascultari":[2,1]},{"formatie":"Sleep Party People","piese":["Poor Leno","I'm Not Human At All (Copenhagen X Sessions)"],"ascultari":[1,2]},{"formatie":"salvia palth","piese":["i don't know anyone i am","i was all over her"],"ascultari":[1,1]},{"formatie":"Lil Peep; Lil Tracy","piese":["witchblades"],"ascultari":[2]},{"formatie":"Dorian Popa","piese":["Inoata Chelutu"],"ascultari":[2]},{"formatie":"Cheloo","piese":["Unde Se Termină Visele"],"ascultari":[1]},{"formatie":"Grasu XXL; Maximilian; Spike","piese":["Didaia (TraLaLa) [feat. Maximilian & Spike]"],"ascultari":[2]},{"formatie":"Releveu","piese":["Astenie"],"ascultari":[3]},{"formatie":"Romanian Slayers","piese":["LC Waikiki - (OFFICIAL DRILL REMIX) Prod. RomanianSlayerssion"],"ascultari":[1]},{"formatie":"AXIRAL","piese":["LC Waikiki"],"ascultari":[1]},{"formatie":"Margineanu","piese":["Ma Iubeste Femeile !"],"ascultari":[1]},{"formatie":"Formatia Strengarii","piese":["Du-Ma Doamne Si Ma Lasa"],"ascultari":[1]},{"formatie":"GOB","piese":["Fulgy (Mr Moft)"],"ascultari":[1]},{"formatie":"SAMIISAMII40","piese":["Dacia Logan"],"ascultari":[1]},{"formatie":"Explicit Moves","piese":["O fut pe mamaie"],"ascultari":[1]},{"formatie":"Krik","piese":["Sugi Pula Cu Mujdei"],"ascultari":[1]},{"formatie":"Neluta Bucur","piese":["De pastram Doamne ce-am avut / Lasa-ma Doamne sa mor / Se duc anii tineretii (medley)"],"ascultari":[1]},{"formatie":"Madonna","piese":["Hung Up"],"ascultari":[6]},{"formatie":"Fall Out Boy","piese":["Centuries"],"ascultari":[2]},{"formatie":"Dirty Honey","piese":["Break You"],"ascultari":[4]},{"formatie":"Dennis Lloyd","piese":["Nevermind"],"ascultari":[12]},{"formatie":"Enamour; Nox Vahn","piese":["Sleep Paralysis"],"ascultari":[2]},{"formatie":"Vivra Verra","piese":["Just Us 2"],"ascultari":[2]},{"formatie":"Eli & Fur; Nils Hoffmann","piese":["Otherside - Nils Hoffmann Remix"],"ascultari":[1]},{"formatie":"Solee","piese":["Exhilaration"],"ascultari":[1]},{"formatie":"Grum; Natalie Shay; CYA","piese":["Afterglow - CYA Remix"],"ascultari":[2]},{"formatie":"Tinlicker; Dosem","piese":["Hypnotised"],"ascultari":[1]},{"formatie":"Eros Ramazzotti; Luca Bignardi","piese":["Più bella cosa"],"ascultari":[4]},{"formatie":"Imagine Dragons","piese":["Natural"],"ascultari":[1]},{"formatie":"Tom Misch; Zak Abel","piese":["Beautiful Escape"],"ascultari":[1]},{"formatie":"The Neighbourhood","piese":["Compass","Sadderdaze","Daddy Issues","How","Scary Love","Reflections","Void","Stuck with Me","Nervous","24/7","W.D.Y.W.F.M?","A Little Death","Sweater Weather","Flawless","Female Robbery","You Get Me So High","Alleyways","Greetings from Califournia","Softcore","The Beach","Unfair","Lurk","The Shining","Leaving Tonight","R.I.P. 2 My Youth","Tobacco Sunburst","Prey"],"ascultari":[7,3,3,10,3,5,1,4,1,3,1,1,1,1,1,3,1,1,1,1,2,2,1,1,1,8,1]},{"formatie":"Mild High Club","piese":["Homage","Tesselation"],"ascultari":[3,2]},{"formatie":"Sufjan Stevens","piese":["Mystery of Love"],"ascultari":[6]},{"formatie":"TOOL","piese":["Stinkfist","The Pot","Forty Six & 2","Sober"],"ascultari":[2,1,1,3]},{"formatie":"Trivium","piese":["Wake (The End Is Nigh)","Shogun","Kirisute Gomen","Dying in Your Arms","Feast Of Fire","The Heart from Your Hate"],"ascultari":[6,1,1,1,2,1]},{"formatie":"Ghostemane; Parv0","piese":["To Whom It May Concern","I duckinf hatw you"],"ascultari":[4,1]},{"formatie":"60's 70's 80's 90's Hits","piese":["Oops! I Did It Again"],"ascultari":[1]},{"formatie":"Death","piese":["Voice of the Soul"],"ascultari":[3]},{"formatie":"MGMT","piese":["Little Dark Age","As You Move Through The World"],"ascultari":[7,1]},{"formatie":"Monolink","piese":["Sinner - Edit"],"ascultari":[1]},{"formatie":"Eric Gales; Zakk Wylde","piese":["Steep Climb"],"ascultari":[8]},{"formatie":"Eric Gales","piese":["Come a Long Way"],"ascultari":[1]},{"formatie":"Vanotek; Eneli","piese":["Back to Me"],"ascultari":[14]},{"formatie":"Mark Ronson; Miley Cyrus","piese":["Nothing Breaks Like a Heart (feat. Miley Cyrus)"],"ascultari":[1]},{"formatie":"Miley Cyrus","piese":["Wrecking Ball","Girls Just Wanna Have Fun"],"ascultari":[1,1]},{"formatie":"Five Finger Death Punch","piese":["Remember Everything","Wrong Side of Heaven","Blue On Black","To Be Alone","I Apologize"],"ascultari":[12,3,3,4,1]},{"formatie":"Duke Dumont","piese":["Ocean Drive"],"ascultari":[11]},{"formatie":"Maribou State; Holly Walker","piese":["Tongue","Steal"],"ascultari":[2,1]},{"formatie":"Tears For Fears","piese":["Everybody Wants To Rule The World"],"ascultari":[10]},{"formatie":"Raving George; Oscar and the Wolf","piese":["You're Mine (feat. Oscar And The Wolf)"],"ascultari":[7]},{"formatie":"Lord Huron","piese":["The Night We Met"],"ascultari":[11]},{"formatie":"The Weeknd","piese":["Try Me","After Hours","Earned It (Fifty Shades Of Grey) - From The \"Fifty Shades Of Grey\" Soundtrack","Call Out My Name"],"ascultari":[6,3,1,1]},{"formatie":"BLR","piese":["Odyssee - Pt. 2"],"ascultari":[1]},{"formatie":"Spencer Brown; Liam Hathaway","piese":["Audio"],"ascultari":[1]},{"formatie":"Moa; Jackarta","piese":["Empyrean"],"ascultari":[1]},{"formatie":"Booka Shade; Eli & Fur; Einmusik","piese":["To the Sea - Einmusik Remix"],"ascultari":[1]},{"formatie":"Durante; HANA","piese":["Celestia"],"ascultari":[1]},{"formatie":"Solomun","piese":["Home"],"ascultari":[1]},{"formatie":"Capa (Official); Nathan Ball","piese":["Necessary Evil"],"ascultari":[1]},{"formatie":"Matroda","piese":["Forget It"],"ascultari":[1]},{"formatie":"Matt Fax","piese":["To The Ground"],"ascultari":[1]},{"formatie":"Rodg","piese":["The Coaster"],"ascultari":[1]},{"formatie":"WhoMadeWho; Adriatique","piese":["Silence & Secrets - Adriatique Remix"],"ascultari":[1]},{"formatie":"Township Rebellion","piese":["Doppler"],"ascultari":[1]},{"formatie":"Hidden Empire","piese":["Pont de la Caille"],"ascultari":[1]},{"formatie":"Jil Tanner","piese":["Trust the Process"],"ascultari":[1]},{"formatie":"ODESZA; Bettye LaVette","piese":["The Last Goodbye (feat. Bettye LaVette)"],"ascultari":[1]},{"formatie":"Bob Moses","piese":["The Blame - Single Edit"],"ascultari":[1]},{"formatie":"Dom Dolla; Mansionair; Tinlicker","piese":["Strangers (with Mansionair) - Tinlicker Remix"],"ascultari":[1]},{"formatie":"Vintage Culture","piese":["Amanhã"],"ascultari":[1]},{"formatie":"CamelPhat; Jem Cooke","piese":["Silenced"],"ascultari":[1]},{"formatie":"Sam Smith","piese":["Writing's On The Wall - From \"Spectre\" Soundtrack","I'm Not The Only One","Too Good At Goodbyes"],"ascultari":[3,6,1]},{"formatie":"NEIL FRANCES","piese":["Music Sounds Better with You"],"ascultari":[4]},{"formatie":"Ditch","piese":["One Way Trip to the Sun"],"ascultari":[2]},{"formatie":"Arctic Monkeys","piese":["505","Do I Wanna Know?"],"ascultari":[1,2]},{"formatie":"Depeche Mode","piese":["It's No Good"],"ascultari":[5]},{"formatie":"Disturbed","piese":["The Vengeful One","Down with the Sickness"],"ascultari":[5,1]},{"formatie":"Pat Benatar","piese":["Love Is A Battlefield"],"ascultari":[1]},{"formatie":"Blues Saraceno","piese":["Dogs of War"],"ascultari":[5]},{"formatie":"Ake´s Home House","piese":["Time travel"],"ascultari":[1]},{"formatie":"Basement","piese":["Covet"],"ascultari":[3]},{"formatie":"Guns N' Roses","piese":["November Rain","Civil War"],"ascultari":[3,1]},{"formatie":"Lars Eriksson","piese":["Who Are You Counting On?","(Stay) True","Let Jesus Show the Way"],"ascultari":[4,1,1]},{"formatie":"Jimi Hendrix","piese":["Red House"],"ascultari":[3]},{"formatie":"King Dude","piese":["I Wanna Die at 69","Lucifer's the Light of the World","Our Love Will Carry On","The Leather One","Death Won't Take Me"],"ascultari":[1,1,1,1,1]},{"formatie":"Rich Brian","piese":["Drive Safe","Love In My Pocket"],"ascultari":[1,1]},{"formatie":"Shamrain","piese":["Raindrops"],"ascultari":[4]},{"formatie":"Jack Savoretti","piese":["Fight 'Til the End"],"ascultari":[6]},{"formatie":"Rammstein","piese":["Engel","Mein Teil","Weisses Fleisch","Sonne","Mein Herz brennt","Zick Zack","Links 2 3 4","Giftig","Was ich liebe","Deutschland","Ich will","Mutter","Dicke Titten","Sex","Ohne dich","Stripped","Lügen","Weisses Fleisch - Live","Du hast","Ich tu dir weh","Herzeleid","Angst"],"ascultari":[5,7,7,2,1,1,3,1,1,2,1,3,1,1,1,1,2,1,1,1,1,1]},{"formatie":"Megadeth","piese":["Symphony Of Destruction"],"ascultari":[1]},{"formatie":"Daron Malakian and Scars On Broadway","piese":["Guns Are Loaded"],"ascultari":[2]},{"formatie":"OneRepublic","piese":["Counting Stars"],"ascultari":[1]},{"formatie":"The White Buffalo; The Forest Rangers","piese":["Come Join the Murder - From Sons of Anarchy","House of the Rising Sun (with The Forest Rangers) - Season 4 Finale Version"],"ascultari":[4,1]},{"formatie":"The White Buffalo","piese":["Wish It Was True","Oh Darlin' What Have I Done","Pray to You Now","How the West Was Won","Into the Sun","One Lone Night"],"ascultari":[6,1,1,1,1,1]},{"formatie":"Vacations","piese":["Young","Telephones"],"ascultari":[3,1]},{"formatie":"Joji; Yves Tumor","piese":["Reanimator (feat. Yves Tumor)"],"ascultari":[15]},{"formatie":"Massive Attack","piese":["Teardrop"],"ascultari":[3]},{"formatie":"Super Pipo","piese":["‎Dancin (Slowed Krono)"],"ascultari":[1]},{"formatie":"Aaron Smith; Krono; Luvli","piese":["Dancin (feat. Luvli) - Krono Remix"],"ascultari":[1]},{"formatie":"Osoku","piese":["Chips N' Drinks","Fungi","Compute","Soda","Enu","Koya","Surf","Moln","Vapour","Yoga","Anatsuri","Air Bed","Wind"],"ascultari":[1,10,1,1,1,1,1,9,1,1,11,20,11]},{"formatie":"baegel","piese":["mysmallheart","Watch Your Back","Back in My Dreams","Maybe We'll Meet Again","Daydreaming About You While Drinking a Cup of Tea","Luckily and Happily","Probably Yet Unfortunately","Pick Up Your Phone Please"],"ascultari":[1,1,1,1,9,1,7,5]},{"formatie":"Aaryan Shah","piese":["None of This Is Real"],"ascultari":[8]},{"formatie":"Martin Roth","piese":["Synth City"],"ascultari":[1]},{"formatie":"Carpenter Brut","piese":["Paradise Warfare","L.A Venice Bitch 80's","Looking For Tracy Tzu"],"ascultari":[25,1,1]},{"formatie":"JODA; Above & Beyond; Darren Tate","piese":["Try"],"ascultari":[1]},{"formatie":"Sami Matar","piese":["Fringe Society"],"ascultari":[1]},{"formatie":"pothOles","piese":["Chauma"],"ascultari":[2]},{"formatie":"Brothertiger","piese":["Cinder","High Tide"],"ascultari":[11,6]},{"formatie":"Dan Mason ダン·メイソン","piese":["Now or Never (You and Me)","Melatonin High","Make Me Love You","Everytime I Cry"],"ascultari":[21,1,1,1]},{"formatie":"Timecop1983","piese":["On the Run"],"ascultari":[17]},{"formatie":"Memorex Memories","piese":["Pictures of Purple Skies","Curious Alice"],"ascultari":[3,1]},{"formatie":"Eagle Eyed Tiger","piese":["Magnetic","In the Mood for Love","Stasis"],"ascultari":[14,10,1]},{"formatie":"admo","piese":["Equinox"],"ascultari":[6]},{"formatie":"Unfound","piese":["Without"],"ascultari":[25]},{"formatie":"Metatryptic","piese":["Signs"],"ascultari":[1]},{"formatie":"Post Animal","piese":["How Do You Feel"],"ascultari":[2]},{"formatie":"Jermango Dreaming","piese":["Breeze"],"ascultari":[14]},{"formatie":"The Holydrug Couple","piese":["If I Could Find You (Eternity)","Atlantic Postcard"],"ascultari":[2,1]},{"formatie":"Trevor Something","piese":["The Ghost","Enjoy the Silence"],"ascultari":[1,1]},{"formatie":"Krosia","piese":["Azur","Rivage"],"ascultari":[1,1]},{"formatie":"Mac DeMarco","piese":["On the Level","Chamber Of Reflection","Watching Him Fade Away","For the First Time","On The Square","Finally Alone","Moonlight on the River"],"ascultari":[1,35,1,1,2,1,1]},{"formatie":"Meltycanon","piese":["Sabbath"],"ascultari":[1]},{"formatie":"Aylior; Sebastian Kamae","piese":["Wake Up"],"ascultari":[18]},{"formatie":"John Dunder","piese":["Hagalund"],"ascultari":[1]},{"formatie":"Flynn Hendry","piese":["Strange Impalas"],"ascultari":[11]},{"formatie":"Rosentwig","piese":["Imagination"],"ascultari":[6]},{"formatie":"Forhill","piese":["Iris","Searching"],"ascultari":[23,1]},{"formatie":"goosetaf; Timothy Infinite","piese":["Alkaline"],"ascultari":[12]},{"formatie":"Meltt","piese":["Love Again","On Your Own"],"ascultari":[15,1]},{"formatie":"Esty","piese":["CHIBI"],"ascultari":[1]},{"formatie":"Monte; Savage Project","piese":["Chibi Chibi - Savage Project Remix"],"ascultari":[1]},{"formatie":"Gesaffelstein","piese":["Humanity Gone"],"ascultari":[12]},{"formatie":"Windows 96","piese":["Rituals","Laugh Away"],"ascultari":[2,1]},{"formatie":"Ozzy Osbourne","piese":["Shot in the Dark","Eat Me","Mr. Crowley"],"ascultari":[4,2,1]},{"formatie":"Maximum Love","piese":["Red Lights","Let Go","Sometimes - Original Mix"],"ascultari":[11,2,1]},{"formatie":"Carpenter Brut; Yann Ligner","piese":["Maniac"],"ascultari":[3]},{"formatie":"Lehel P.","piese":["La pazienza della notte"],"ascultari":[7]},{"formatie":"luxury elite","piese":["S.W.A.K.","Self-Discovery"],"ascultari":[2,20]},{"formatie":"*NSYNC","piese":["Bye Bye Bye"],"ascultari":[2]},{"formatie":"Hibou","piese":["Sunder"],"ascultari":[1]},{"formatie":"Lucy In Disguise","piese":["In the Shadows","1987","Southbound"],"ascultari":[1,4,1]},{"formatie":"FrankJavCee","piese":["SimpsonWave1995","I Love Hating You","See You Tomorrow","Crazy Wavy Baby"],"ascultari":[1,1,1,1]},{"formatie":"Hi, I'm Chris; NothinButLag; FrankJavCee","piese":["Depression Nap"],"ascultari":[1]},{"formatie":"FrankJavCee; NothinButLag","piese":["Fictional Animals"],"ascultari":[1]},{"formatie":"FrankJavCee; Marionismagical; Frankmusik","piese":["So Damn Beautiful (FrankMusik Version) [feat. Marionismagical & Frankmusik]"],"ascultari":[1]},{"formatie":"Rise Against","piese":["Zero Visibility"],"ascultari":[2]},{"formatie":"A Pale Horse Named Death","piese":["Die Alone"],"ascultari":[2]},{"formatie":"Breaking Benjamin","piese":["Dance With The Devil","So Cold","So Cold - Remix","Give Me A Sign"],"ascultari":[1,1,1,1]},{"formatie":"Carpenter Brut; Greg Puciato","piese":["Imaginary Fire - feat.Greg Puciato"],"ascultari":[1]},{"formatie":"Naomi Jon","piese":["On Our Own","Bite Me","NAOMI"],"ascultari":[2,2,2]},{"formatie":"DXVIL SPXSE","piese":["CHXRNVKHA"],"ascultari":[1]},{"formatie":"6IXMANE","piese":["Pull Up"],"ascultari":[1]},{"formatie":"KSLV Noh","piese":["Disaster"],"ascultari":[1]},{"formatie":"WEEDMANE; Suicideyear","piese":["SUICIDE YEAR"],"ascultari":[2]},{"formatie":"maruwhat","piese":["rises the moon"],"ascultari":[1]},{"formatie":"Siouxsie and the Banshees","piese":["Arabian Knights"],"ascultari":[1]},{"formatie":"Kate Bush","piese":["Running Up That Hill (A Deal With God)"],"ascultari":[3]},{"formatie":"Alann8h","piese":["My Mind Is a Maze"],"ascultari":[1]},{"formatie":"North Downs","piese":["Settle Down"],"ascultari":[1]},{"formatie":"Boom Clap Bachelors; Coco O.","piese":["Løb Stop Stå"],"ascultari":[1]},{"formatie":"Duñe; Crayon; Lossapardo","piese":["Slowdiving"],"ascultari":[1]},{"formatie":"ella jane","piese":["The City"],"ascultari":[1]},{"formatie":"Caroline Polachek","piese":["Door"],"ascultari":[1]},{"formatie":"Cautious Clay","piese":["Cold War"],"ascultari":[1]},{"formatie":"Babeheaven","piese":["Human Nature"],"ascultari":[1]},{"formatie":"Shivum Sharma","piese":["Diamond"],"ascultari":[1]},{"formatie":"Tom Misch; Yussef Dayes; Freddie Gibbs","piese":["Nightrider"],"ascultari":[1]},{"formatie":"Medasin; Kathleen","piese":["Always Afternoon"],"ascultari":[1]},{"formatie":"HONNE","piese":["no song without you"],"ascultari":[1]},{"formatie":"Harley Poe","piese":["I Wanna Die"],"ascultari":[1]},{"formatie":"Oh Wonder","piese":["White Blood"],"ascultari":[1]},{"formatie":"Lil Peep; XXXTENTACION","piese":["Falling Down - Bonus Track"],"ascultari":[5]},{"formatie":"XXXTENTACION","piese":["NEVER","Save Me","Dead Inside (Interlude)","Carry On","Depression & Obsession","Jocelyn Flores","Looking for a Star","YuNg BrAtZ","Hope","NUMB"],"ascultari":[3,2,1,1,1,2,1,1,1,1]},{"formatie":"WILLOW","piese":["<maybe> it's my fault"],"ascultari":[1]},{"formatie":"Behemoth","piese":["Ora Pro Nobis Lucifer"],"ascultari":[2]},{"formatie":"Testament","piese":["Down for Life"],"ascultari":[1]},{"formatie":"Ozzy Osbourne; Jeff Beck","piese":["Patient Number 9 (feat. Jeff Beck)"],"ascultari":[2]},{"formatie":"The Raven Age","piese":["The Day The World Stood Still"],"ascultari":[1]},{"formatie":"Lizzy Borden","piese":["My Midnight Things"],"ascultari":[1]},{"formatie":"Blind Guardian","piese":["Twilight of the Gods"],"ascultari":[1]},{"formatie":"Arch Enemy","piese":["Sunset over the Empire"],"ascultari":[1]},{"formatie":"Lords of Black","piese":["Into the Black"],"ascultari":[1]},{"formatie":"Minelli","piese":["Rampampam"],"ascultari":[2]},{"formatie":"Pain","piese":["Shut Your Mouth"],"ascultari":[1]},{"formatie":"Thousand Foot Krutch","piese":["Take It Out On Me","Courtesy Call","Fly On the Wall","Be Somebody"],"ascultari":[2,1,1,1]},{"formatie":"Black Veil Brides","piese":["Resurrect The Sun","Goodbye Agony","Lost It All"],"ascultari":[1,1,1]},{"formatie":"Timothy Infinite","piese":["Stagnant"],"ascultari":[8]},{"formatie":"shrub.beats","piese":["Uhmbiguity"],"ascultari":[1]},{"formatie":"Poetics","piese":["cheydinhal"],"ascultari":[1]},{"formatie":"Stay Nice","piese":["That FULLness"],"ascultari":[1]},{"formatie":"Breakfast For Brunch","piese":["After Surf Sandwich"],"ascultari":[1]},{"formatie":"Silva Sax","piese":["Chanterelle"],"ascultari":[1]},{"formatie":"Hans Hu$tle; KOMOREBI","piese":["Neptune"],"ascultari":[1]},{"formatie":"Prince Enigma","piese":["Summer Daze"],"ascultari":[7]},{"formatie":"Ozzy Osbourne; Elton John","piese":["Ordinary Man (feat. Elton John)"],"ascultari":[1]},{"formatie":"Bloodbath","piese":["Eaten","Soul Evisceration"],"ascultari":[2,1]},{"formatie":"SKYND","piese":["Armin Meiwes"],"ascultari":[1]},{"formatie":"Mind Affliction","piese":["Armin's Hunger"],"ascultari":[1]},{"formatie":"Clown Core","piese":["Song"],"ascultari":[1]},{"formatie":"Trushinitas","piese":["By the River"],"ascultari":[2]},{"formatie":"Gotye; Kimbra","piese":["Somebody That I Used To Know"],"ascultari":[1]},{"formatie":"Tove Lo","piese":["Habits (Stay High)"],"ascultari":[2]},{"formatie":"Christian Löffler","piese":["Moldau"],"ascultari":[1]},{"formatie":"Cannibal Corpse","piese":["Scourge of Iron","I Cum Blood","Make Them Suffer"],"ascultari":[3,1,1]},{"formatie":"The Strokes","piese":["The Adults Are Talking"],"ascultari":[1]},{"formatie":"Boney M.","piese":["Rasputin"],"ascultari":[1]},{"formatie":"Milky Chance","piese":["Stolen Dance"],"ascultari":[1]},{"formatie":"Phantogram","piese":["Black Out Days","Mister Impossible"],"ascultari":[1,1]},{"formatie":"Red","piese":["Already Over"],"ascultari":[1]},{"formatie":"Extermination Dismemberment","piese":["Disemboweled Engorgement","Deconstructive Parasite"],"ascultari":[1,1]},{"formatie":"Parasitic Ejaculation","piese":["Rationing The Sacred Human Remains","Esophageal Decay","Exuding Degenerative Cadavers"],"ascultari":[1,1,1]},{"formatie":"Guttural Slug","piese":["Sirens Halo"],"ascultari":[1]},{"formatie":"No One Gets Out Alive","piese":["Banjo Slam","Farm Dismemberment (Bonus Track)"],"ascultari":[1,1]},{"formatie":"Always Never","piese":["Hopeless"],"ascultari":[5]},{"formatie":"The Pilgrim","piese":["The Time You Wait"],"ascultari":[1]},{"formatie":"Das Kope","piese":["Meet You in the Dark"],"ascultari":[2]},{"formatie":"A.L.I.S.O.N","piese":["Space Echo"],"ascultari":[1]},{"formatie":"Forhill; oDDling","piese":["Supernal"],"ascultari":[1]},{"formatie":"Lea Porcelain","piese":["Pool Song"],"ascultari":[2]},{"formatie":"cormac","piese":["You're Gonna Carry That Weight"],"ascultari":[1]},{"formatie":"Low Hum","piese":["Comatose","I Don't Know Me Like You Do"],"ascultari":[1,1]},{"formatie":"Nirvana","piese":["Dumb","Lake Of Fire","Come As You Are","Rape Me"],"ascultari":[1,1,3,3]},{"formatie":"Ghostemane","piese":["Plagues","Sacrilege","Hydrochloride","Lazaretto","Caligula","Mercury: Retrograde","Falling Down"],"ascultari":[6,1,2,1,1,1,1]},{"formatie":"Hugh Laurie","piese":["St James Infirmary","Unchain My Heart","Hallelujah I Love Her So","Let Them Talk","Send Me to the 'Lectric Chair","Evenin'","Careless Love","Wild Honey"],"ascultari":[6,1,1,1,1,1,1,1]},{"formatie":"Joe Bonamassa","piese":["Blues Deluxe"],"ascultari":[3]},{"formatie":"Satanic Waves","piese":["From Purple to Black"],"ascultari":[2]},{"formatie":"Tom Petty","piese":["I Won't Back Down"],"ascultari":[1]},{"formatie":"Modern Talking","piese":["Cheri Cheri Lady"],"ascultari":[4]},{"formatie":"Three Days Grace; Lukas Rossi","piese":["Neurotic (feat. Lukas Rossi)"],"ascultari":[1]},{"formatie":"Dead Cross","piese":["Idiopathic"],"ascultari":[1]},{"formatie":"Slipknot","piese":["Nomadic","The Chapeltown Rag","Psychosocial"],"ascultari":[1,1,1]},{"formatie":"Beartooth","piese":["Loser"],"ascultari":[1]},{"formatie":"Iron Maiden","piese":["Hallowed Be Thy Name - 2015 Remaster"],"ascultari":[2]},{"formatie":"Chord Overstreet","piese":["Hold On"],"ascultari":[2]},{"formatie":"Swallow The Sun","piese":["This House Has No Home"],"ascultari":[1]},{"formatie":"Ben Cocks; Nikisha Reyes-Pile","piese":["So Cold (The Good Wife Trailer)"],"ascultari":[1]},{"formatie":"Pain of Salvation","piese":["Undertow"],"ascultari":[2]},{"formatie":"Chris Cornell","piese":["Part Of Me"],"ascultari":[1]},{"formatie":"AC/DC","piese":["Highway to Hell","Thunderstruck","Back In Black"],"ascultari":[1,1,1]},{"formatie":"Survivor","piese":["Eye of the Tiger"],"ascultari":[2]},{"formatie":"Michael Jackson","piese":["Earth Song","Billie Jean","Beat It","Remember the Time","They Don't Care About Us","Thriller - Instrumental","Thriller","Earth Song - Remastered Version"],"ascultari":[6,7,1,1,1,1,1,1]},{"formatie":"Joji; Trippie Redd","piese":["R.I.P. (feat. Trippie Redd)"],"ascultari":[3]},{"formatie":"The HU","piese":["Through The Never"],"ascultari":[1]},{"formatie":"Ian Luxton","piese":["When Will Tomorrow Come?","Demented Senses","Dark Lord","4th of July"],"ascultari":[1,1,1,1]},{"formatie":"Timbaland; Nelly Furtado; Soshy","piese":["Morning After Dark (Featuring Nelly Furtado & SoShy)"],"ascultari":[4]},{"formatie":"Dan Balan; Rafae","piese":["Chica Bomb"],"ascultari":[2]},{"formatie":"Geri Halliwell","piese":["It's Raining Men"],"ascultari":[5]},{"formatie":"Drake; 21 Savage","piese":["Jimmy Cooks (feat. 21 Savage)"],"ascultari":[1]},{"formatie":"Daniel Powter","piese":["Bad Day"],"ascultari":[2]},{"formatie":"Pink Guy; Axel Boy","piese":["Are You Serious (Axel Boy Remix)"],"ascultari":[1]},{"formatie":"Pink Guy; TastyTreat","piese":["Stfu (Tasty Treat Remix)"],"ascultari":[1]},{"formatie":"The Toxic Avenger; Mystery Skulls","piese":["Yellow Ferrari"],"ascultari":[1]},{"formatie":"Adele","piese":["Skyfall","Rolling in the Deep"],"ascultari":[2,1]},{"formatie":"Rihanna","piese":["Russian Roulette"],"ascultari":[1]},{"formatie":"Rag'n'Bone Man","piese":["Human"],"ascultari":[1]},{"formatie":"Michael Bublé","piese":["Feeling Good"],"ascultari":[1]},{"formatie":"Eminem; Nate Dogg","piese":["'Till I Collapse"],"ascultari":[1]},{"formatie":"David Guetta; Sia","piese":["Titanium (feat. Sia)"],"ascultari":[1]},{"formatie":"Laurent Voulzy","piese":["Le pouvoir des fleurs"],"ascultari":[1]},{"formatie":"Sam Hulick","piese":["I'm Proud Of You"],"ascultari":[1]},{"formatie":"Halestorm","piese":["I Miss the Misery","Bad Romance"],"ascultari":[1,1]},{"formatie":"Alesso; Nico & Vinz","piese":["I Wanna Know"],"ascultari":[1]},{"formatie":"Def.","piese":["I JUST WANNA KNOW"],"ascultari":[1]},{"formatie":"Good Charlotte","piese":["I Just Wanna Live"],"ascultari":[1]},{"formatie":"Korn","piese":["Prey for Me","Freak On a Leash"],"ascultari":[1,1]},{"formatie":"El Huervo; Jason Simon; Dead Meadow","piese":["The Setup"],"ascultari":[2]},{"formatie":"Home","piese":["Hold","Before the Night"],"ascultari":[1,1]},{"formatie":"Scissor Sisters","piese":["I Can't Decide"],"ascultari":[1]},{"formatie":"Sam Tinnesz; Yacht Money","piese":["Play with Fire (feat. Yacht Money)"],"ascultari":[1]},{"formatie":"Besomorph","piese":["Cradles"],"ascultari":[1]},{"formatie":"ElyOtto","piese":["SugarCrash!"],"ascultari":[1]},{"formatie":"WHOKILLEDXIX","piese":["spy?"],"ascultari":[1]},{"formatie":"Weathers","piese":["Happy Pills"],"ascultari":[1]},{"formatie":"Melanie Martinez","piese":["Sippy Cup","Nurse's Office","Pity Party"],"ascultari":[1,1,1]},{"formatie":"Alec Benjamin","piese":["Outrunning Karma"],"ascultari":[1]},{"formatie":"The Dresden Dolls","piese":["My Alcoholic Friends"],"ascultari":[1]},{"formatie":"Laura Les","piese":["Haunted"],"ascultari":[1]},{"formatie":"grandson","piese":["Darkside"],"ascultari":[1]},{"formatie":"Twenty One Pilots","piese":["Heathens"],"ascultari":[1]},{"formatie":"Panic! At The Disco","piese":["Crazy = Genius"],"ascultari":[1]},{"formatie":"Ellise","piese":["911"],"ascultari":[1]},{"formatie":"Air Traffic Controller","piese":["This Is Love"],"ascultari":[1]},{"formatie":"Surf Curse","piese":["Freaks"],"ascultari":[5]},{"formatie":"Mother Mother","piese":["Verbatim"],"ascultari":[1]},{"formatie":"Tally Hall","piese":["The Bidding"],"ascultari":[1]},{"formatie":"Toby Fox","piese":["Fallen Down"],"ascultari":[1]},{"formatie":"The Living Tombstone","piese":["My Ordinary Life","It's Been So Long"],"ascultari":[1,1]},{"formatie":"The Orion Experience","piese":["The Cult of Dionysus"],"ascultari":[1]},{"formatie":"Cavetown","piese":["Boys Will Be Bugs","Devil Town"],"ascultari":[1,1]},{"formatie":"Vundabar","piese":["Alien Blues"],"ascultari":[3]},{"formatie":"Matt Maltese","piese":["As the World Caves In"],"ascultari":[1]},{"formatie":"The Brobecks","piese":["Better Than Me"],"ascultari":[1]},{"formatie":"Alexander Rybak","piese":["Fairytale"],"ascultari":[1]},{"formatie":"Elton John","piese":["I'm Still Standing"],"ascultari":[1]},{"formatie":"YUNGBLUD","piese":["parents"],"ascultari":[1]},{"formatie":"Dazai Osamu; Chika Fujiwara","piese":["Dazai Ah"],"ascultari":[1]},{"formatie":"MIYACHI","piese":["MAINICHI","WAKARIMASEN"],"ascultari":[1,1]},{"formatie":"桐生一馬(黒田崇矢)","piese":["Bakamitai - Taxi Driver Edition"],"ascultari":[2]},{"formatie":"Bedroom","piese":["Nothing Lasts","In My Head","Two"],"ascultari":[4,1,1]},{"formatie":"Linkin Park","piese":["In the End"],"ascultari":[1]},{"formatie":"Lost Frequencies; Netsky","piese":["Here With You"],"ascultari":[1]},{"formatie":"Dani Mocanu","piese":["Afaceri Ilegale","Eu Nu Dau Inapoi"],"ascultari":[1,1]},{"formatie":"Susanu; Babi Minune","piese":["Ia Sistem Turbat Chak Thak"],"ascultari":[1]},{"formatie":"Abi; Dani Mocanu","piese":["Regii Romaniei"],"ascultari":[1]},{"formatie":"Abi","piese":["Cainele meu"],"ascultari":[1]},{"formatie":"HVNDS; RAVA; Killa Fonic","piese":["Vin Viu, Plec Mort"],"ascultari":[1]},{"formatie":"5GANG","piese":["COCO"],"ascultari":[1]},{"formatie":"Geany Morandi","piese":["Himalaya"],"ascultari":[1]},{"formatie":"Cheloo; Bitza","piese":["Vicii"],"ascultari":[1]},{"formatie":"Grasu XXL","piese":["Turbofin"],"ascultari":[1]},{"formatie":"Killa Fonic","piese":["ARD"],"ascultari":[1]},{"formatie":"I Hate Myself Because","piese":["Fck Me"],"ascultari":[1]},{"formatie":"Johnny Cash","piese":["Hurt"],"ascultari":[1]},{"formatie":"Joy Division","piese":["Love Will Tear Us Apart"],"ascultari":[1]},{"formatie":"The Smiths","piese":["This Night Has Opened My Eyes - 2011 Remaster"],"ascultari":[1]},{"formatie":"Khalid; Disclosure","piese":["Talk"],"ascultari":[1]},{"formatie":"Jeremih; Lil Wayne; Natasha Mosley","piese":["All The Time"],"ascultari":[1]},{"formatie":"Bazzi; 21 Savage","piese":["Focus (feat. 21 Savage)"],"ascultari":[1]},{"formatie":"Davido","piese":["Fall"],"ascultari":[1]},{"formatie":"Ginuwine","piese":["Pony"],"ascultari":[1]},{"formatie":"Miguel","piese":["Adorn"],"ascultari":[1]},{"formatie":"Usher","piese":["Nice & Slow - Radio Version"],"ascultari":[1]},{"formatie":"Tank","piese":["Dirty"],"ascultari":[1]},{"formatie":"SAINt JHN","piese":["Reflex"],"ascultari":[1]},{"formatie":"112","piese":["Peaches & Cream"],"ascultari":[1]},{"formatie":"Justin Timberlake","piese":["What Goes Around.../...Comes Around (Interlude)"],"ascultari":[3]},{"formatie":"Ne-Yo","piese":["Because Of You"],"ascultari":[1]},{"formatie":"Pleasure P","piese":["Under"],"ascultari":[1]},{"formatie":"Ace","piese":["I Wanna Die"],"ascultari":[1]},{"formatie":"The Stanford Mendicants; Calvin Fernandez","piese":["Life Could Be a Dream"],"ascultari":[1]},{"formatie":"The Kount; Marc Rebillet; Moods","piese":["The Way You Make Me Feel"],"ascultari":[23]},{"formatie":"Têtes Raides","piese":["Fulgurance"],"ascultari":[1]},{"formatie":"Emigrate; Marilyn Manson","piese":["Hypothetical"],"ascultari":[3]},{"formatie":"Filter","piese":["Happy Together","It's Gonna Kill Me"],"ascultari":[1,1]},{"formatie":"Rob Zombie; Marilyn Manson","piese":["Helter Skelter"],"ascultari":[1]},{"formatie":"Marilyn Manson and The Spooky Kids","piese":["Sam Son Of Man"],"ascultari":[1]},{"formatie":"2Pac; Big Syke","piese":["All Eyez On Me (ft. Big Syke)"],"ascultari":[1]},{"formatie":"Marilyn Manson; Teddybears","piese":["Arma-goddamn-motherfuckin-geddon - The Teddybears Remix"],"ascultari":[1]},{"formatie":"2Pac; Outlawz","piese":["Hit 'Em Up - Single Version"],"ascultari":[1]},{"formatie":"Linkin Park; Marilyn Manson","piese":["Buy Myself (Marilyn Manson Remix) - B-Side Rarities"],"ascultari":[1]},{"formatie":"A$AP Ferg; Marilyn Manson","piese":["Marilyn Manson (feat. Marilyn Manson)"],"ascultari":[1]},{"formatie":"Sound of Praise","piese":["Glory Glory Halleluya"],"ascultari":[1]},{"formatie":"Fake Blood","piese":["I Think I Like It","Fix Your Accent","I Think I Like It - Radio Edit"],"ascultari":[3,1,10]},{"formatie":"R. Missing","piese":["Kelly Was a Philistine"],"ascultari":[1]},{"formatie":"Luciano Pavarotti","piese":["O Sole Mio"],"ascultari":[2]},{"formatie":"Il Volo","piese":["'O Sole Mio"],"ascultari":[1]},{"formatie":"Gorgon City; Katy Menditta","piese":["Imagination"],"ascultari":[1]},{"formatie":"Gorgon City; DRAMA","piese":["You've Done Enough"],"ascultari":[1]},{"formatie":"Gorgon City","piese":["Trapdoor"],"ascultari":[1]},{"formatie":"Salvador Sobral; Alma Nuestra","piese":["Nostalgias","La gloria eres tú","Silencio","Tú me acostumbraste","Alma mía","Oh vida","Si me comprendieras"],"ascultari":[1,1,1,1,1,1,1]},{"formatie":"Salvador Sobral; Margarida Campelo","piese":["aplauso dentro (feat. Margarida Campelo)"],"ascultari":[1]},{"formatie":"Salvador Sobral; Agir","piese":["Vertigem"],"ascultari":[1]},{"formatie":"Édith Piaf","piese":["Non, je ne regrette rien"],"ascultari":[1]},{"formatie":"Calvin Harris; Sam Smith; Jessie Reyez","piese":["Promises (with Sam Smith)"],"ascultari":[1]},{"formatie":"Sam Smith; John Legend","piese":["Lay Me Down"],"ascultari":[1]},{"formatie":"Naughty Boy; Sam Smith","piese":["La La La"],"ascultari":[2]},{"formatie":"Fuego","piese":["Bradul L-Am Impodobit"],"ascultari":[1]},{"formatie":"Lara Fabian","piese":["Je Suis Malade"],"ascultari":[1]},{"formatie":"Jennifer Lopez; Pitbull","piese":["On The Floor"],"ascultari":[1]},{"formatie":"DNK","piese":["Temno e"],"ascultari":[1]},{"formatie":"Keremcem","piese":["Razı Olmaktır Aşk","Mücevher","Nerelere Gideyim","Son Bir Kez - Ağustos Bözekleri"],"ascultari":[1,1,1,1]},{"formatie":"Jax Jones; Martin Solveig; Madison Beer; Europa","piese":["All Day And Night"],"ascultari":[1]},{"formatie":"Bob Marley & The Wailers","piese":["All Day All Night - Jamaican Version"],"ascultari":[1]},{"formatie":"Lindemann","piese":["That's My Heart","Praise Abort","Yukon","Golden Shower","Cowboy","Home Sweet Home","Children of the Sun","Fish On","Fat","Ladyboy","Skills in Pills","Praise Abort - Drago Baotic Smooth Version","G-Spot Michael","Mathematik Sture Mix","Steh auf","Ich weiß es nicht","Knebel","Ach so gern - Pain Version","Platz Eins"],"ascultari":[1,1,1,1,1,1,1,2,1,1,1,1,1,1,1,1,1,1,1]},{"formatie":"Lindemann; Haftbefehl; Benson","piese":["Mathematik - Benson Remix"],"ascultari":[1]},{"formatie":"You Arrive","piese":["For My Fail","I Am Lost","Someone To You","You Are Gone","Format"],"ascultari":[15,5,1,1,1]},{"formatie":"A Perfect Circle","piese":["Judith","Pet","Weak And Powerless","Passive","The Hollow"],"ascultari":[1,1,13,1,1]},{"formatie":"Puscifer","piese":["Conditions Of My Parole","The Remedy","Fake Affront"],"ascultari":[1,1,1]},{"formatie":"Faith No More","piese":["Epic"],"ascultari":[1]},{"formatie":"The Mars Volta","piese":["Blacklight Shine","The Widow","Cassandra Gemini: Sarcophagi","Televators","L'Via L'Viaquez","Eriatarka","Asilos Magdalena","Roulette Dares (The Haunt Of)","Goliath","Empty Vessels Make the Loudest Sound","Concertina","Wax Simulacra","Vermicide","Inertiatic Esp"],"ascultari":[1,14,1,1,1,1,1,1,1,1,1,1,1,1]},{"formatie":"Omar Rodríguez-López","piese":["Un Buitre Amable Me Pico"],"ascultari":[1]},{"formatie":"Stone Temple Pilots","piese":["Atlanta"],"ascultari":[1]},{"formatie":"UNKLE; Thom Yorke","piese":["Rabbit In Your Headlights"],"ascultari":[1]},{"formatie":"Nine Inch Nails","piese":["We're In This Together"],"ascultari":[1]},{"formatie":"Incubus","piese":["The Warmth","Sick Sad Little World","11 am"],"ascultari":[1,1,1]},{"formatie":"Team Sleep","piese":["Ataraxia","Blvd. Nights","Ever (Foreign Flag)","Our Ride to the Rectory","Your Skull Is Red - Live","Your Skull Is Red","11-Nov","Princeton Review"],"ascultari":[16,1,2,9,1,1,3,1]},{"formatie":"Flamingosis","piese":["Down for the Fifth Time"],"ascultari":[2]},{"formatie":"Kirk Fletcher","piese":["Heartache by the Pound"],"ascultari":[2]},{"formatie":"Walter Trout","piese":["Waiting For The Dawn","High Is Low"],"ascultari":[20,2]},{"formatie":"Dr. John","piese":["Sleeping Dogs Best Left Alone"],"ascultari":[1]},{"formatie":"Charlie Musselwhite","piese":["Drifting From Town To Town"],"ascultari":[1]},{"formatie":"Hank Williams, Jr.","piese":["I Like It When It's Stormy"],"ascultari":[1]},{"formatie":"Mick Kolassa","piese":["I'm Just Getting Started!"],"ascultari":[1]},{"formatie":"Emanuel Casablanca; Paul Gilbert","piese":["In Blood"],"ascultari":[1]},{"formatie":"Amythyst Kiah","piese":["Hangover Blues"],"ascultari":[1]},{"formatie":"Mike Zito","piese":["When It Rains"],"ascultari":[2]},{"formatie":"Samantha Fish","piese":["Twisted Ambition"],"ascultari":[1]},{"formatie":"Big Daddy Wilson","piese":["Poor Black Children"],"ascultari":[1]},{"formatie":"Arthur Brown","piese":["I Like Games - Single Version"],"ascultari":[2]},{"formatie":"Sass Jordan","piese":["Still The World Goes Round"],"ascultari":[1]},{"formatie":"Dana Fuchs","piese":["Star"],"ascultari":[1]},{"formatie":"Altered Five Blues Band","piese":["Great Minds Drink Alike - With Horns"],"ascultari":[1]},{"formatie":"Son Of Dave","piese":["Call Me King"],"ascultari":[1]},{"formatie":"8 Ball Aitken","piese":["Righteous Loving"],"ascultari":[1]},{"formatie":"Luke Winslow-King","piese":["Love At First Sight"],"ascultari":[1]},{"formatie":"PeelingFlesh; Kirill Zarubin; Traumatomy","piese":["Bathtub Execution"],"ascultari":[1]},{"formatie":"Maggot Colony","piese":["Catharsis"],"ascultari":[1]},{"formatie":"Epicardiectomy","piese":["Vaginal Colony Full of Vermin","Chamber of Excruciation"],"ascultari":[1,1]},{"formatie":"Profetus","piese":["The Sadness Of Time Passing"],"ascultari":[3]},{"formatie":"Night of Suicide","piese":["Final Decision"],"ascultari":[1]},{"formatie":"Funeral Tears","piese":["For You"],"ascultari":[1]},{"formatie":"Monolithe","piese":["Onset of the Eighth Cycle"],"ascultari":[1]},{"formatie":"Alex Ndlc; Floricica Dansatoarea","piese":["Unde Este Domnul Iohannis?"],"ascultari":[1]},{"formatie":"Dove Cameron","piese":["Boyfriend"],"ascultari":[1]},{"formatie":"Tech N9ne","piese":["Red Kingdom"],"ascultari":[2]},{"formatie":"Anamosity; G-Eazy","piese":["I Mean It"],"ascultari":[1]},{"formatie":"Failure","piese":["Stuck on You"],"ascultari":[1]},{"formatie":"Chino Moreno","piese":["Brief Exchange - from DC's Dark Nights: Metal Soundtrack"],"ascultari":[1]},{"formatie":"Sunny Day Real Estate","piese":["Pillars"],"ascultari":[1]},{"formatie":"311","piese":["Use Of Time"],"ascultari":[1]},{"formatie":"Superheaven","piese":["Youngest Daughter"],"ascultari":[2]},{"formatie":"Rehab","piese":["Sand Castles"],"ascultari":[1]},{"formatie":"Elles Bailey","piese":["Riding Out The Storm"],"ascultari":[1]},{"formatie":"Omar Coleman; Eddie Roberts","piese":["You've Been Cheatin'"],"ascultari":[1]},{"formatie":"Fantastic Negrito","piese":["Virginia Soil"],"ascultari":[2]},{"formatie":"✝✝✝ (Crosses)","piese":["Option"],"ascultari":[1]},{"formatie":"Omistettu; Basetronic","piese":["Drob Bombs"],"ascultari":[1]},{"formatie":"Aerosmith","piese":["Cryin'","Amazing","Hole In My Soul","I Don't Want to Miss a Thing - From \"Armageddon\" Soundtrack"],"ascultari":[1,1,1,1]},{"formatie":"Bon Jovi","piese":["You Give Love A Bad Name","Bed Of Roses","Mystery Train","She's A Mystery","Two Story Town","Next 100 Years","Livin' On A Prayer","Thank You For Loving Me","Wanted Dead Or Alive"],"ascultari":[2,2,1,1,1,1,1,1,1]},{"formatie":"Dance Gavin Dance; Chino Moreno","piese":["Caviar (feat. Chino Moreno)"],"ascultari":[1]},{"formatie":"The Smashing Pumpkins","piese":["Pug","Bodies - Remastered 2012"],"ascultari":[2,1]},{"formatie":"Bill Charlap Trio","piese":["Day Dream","Your Host","What Are You Doing The Rest Of Your Life?"],"ascultari":[13,1,1]},{"formatie":"Hara Noda","piese":["The Beauty of Everyday Things","Seven Falls"],"ascultari":[4,1]},{"formatie":"Jaden Berry","piese":["Bewitched"],"ascultari":[3]},{"formatie":"Andy Miller Group","piese":["I Thought About Us"],"ascultari":[2]},{"formatie":"Kendrettes","piese":["Cry Me a River"],"ascultari":[1]},{"formatie":"Nobuhiro Okahashi","piese":["Drop"],"ascultari":[1]},{"formatie":"Yasushi Yoshida","piese":["Last Days"],"ascultari":[1]},{"formatie":"Foster Davies","piese":["Tell Me"],"ascultari":[3]},{"formatie":"Hyenas; Klaus Iohannis","piese":["Stati acasa"],"ascultari":[1]},{"formatie":"Sorinel de la Plopeni","piese":["Gigi Becali","AM IN BUZUNAR UN LEU","Banana Necenzurata"],"ascultari":[1,1,1]},{"formatie":"Gigi D'Agostino; Luca Noise; Lento Violento; Astro Musico","piese":["Beautiful"],"ascultari":[1]},{"formatie":"Type O Negative","piese":["Anesthesia"],"ascultari":[1]},{"formatie":"Kurt Cobain","piese":["Sappy - Early Demo"],"ascultari":[1]},{"formatie":"Florin Salam","piese":["Am Să Plâng Pentru Tot Ce Am Trăit"],"ascultari":[1]},{"formatie":"Pr1nce666; monrxe","piese":["Dark Moon Dancing"],"ascultari":[1]},{"formatie":"monrxe; Pr1nce666","piese":["Salmonellosis"],"ascultari":[1]},{"formatie":"ABBA","piese":["Gimme! Gimme! Gimme! (A Man After Midnight)"],"ascultari":[4]},{"formatie":"Old Town Trio","piese":["Don't Go To Strangers"],"ascultari":[2]},{"formatie":"Louie Hobbs Trio","piese":["Down the Pawn Shop"],"ascultari":[1]},{"formatie":"Tribute Trio","piese":["These Foolish Things"],"ascultari":[1]},{"formatie":"Tosh Rhann Band","piese":["Sun Souls"],"ascultari":[1]},{"formatie":"Danny Ryan Jazz Band","piese":["Nothing Lasts Forever","Honey, You Are My Everything"],"ascultari":[1,2]},{"formatie":"Moonside Trio","piese":["Old Person Eyes","Akaishi"],"ascultari":[1,1]},{"formatie":"Hamilton Jones Trio","piese":["Black Monday"],"ascultari":[1]},{"formatie":"Tevvez","piese":["Endless","Parallel Universe"],"ascultari":[1,1]},{"formatie":"Hensonn","piese":["Sahara","Sahara - Slowed"],"ascultari":[1,1]},{"formatie":"MoonDeity","piese":["NEON BLADE"],"ascultari":[1]},{"formatie":"Kordhell","piese":["Live Another Day"],"ascultari":[1]},{"formatie":"The Weather Girls","piese":["It's Raining Men"],"ascultari":[2]},{"formatie":"Rockwell","piese":["Somebody's Watching Me"],"ascultari":[1]},{"formatie":"Azis","piese":["Sen Trope"],"ascultari":[1]},{"formatie":"Mr. Right Time","piese":["What's Life Without You","Living In Paradise"],"ascultari":[1,2]},{"formatie":"Trio Del Norte","piese":["May Dance"],"ascultari":[1]},{"formatie":"Maurice Font","piese":["Sometimes"],"ascultari":[1]},{"formatie":"Billy Hicks Quartet","piese":["The Party's Over"],"ascultari":[2]},{"formatie":"Bernstein Square","piese":["This Is New"],"ascultari":[3]},{"formatie":"Lia Riggs Trio","piese":["You Go To My Head"],"ascultari":[1]},{"formatie":"Teen Suicide","piese":["haunt me (x 3)"],"ascultari":[1]},{"formatie":"Duster","piese":["Inside Out"],"ascultari":[2]},{"formatie":"Cocteau Twins; Harold Budd","piese":["Sea, Swallow Me"],"ascultari":[1]},{"formatie":"TileKid","piese":["you not the same"],"ascultari":[1]},{"formatie":"GoodBooks; Crystal Castles","piese":["Leni (Crystal Castles vs GoodBooks)"],"ascultari":[1]},{"formatie":"suisside","piese":["Dark Side Of The Moon"],"ascultari":[2]},{"formatie":"Phantogram; Future Islands","piese":["Black Out Days - Future Islands Remix"],"ascultari":[1]},{"formatie":"Crystal Castles; HEALTH","piese":["Crimewave"],"ascultari":[1]},{"formatie":"Alex G","piese":["Advice"],"ascultari":[1]},{"formatie":"carolesdaughter","piese":["Violent"],"ascultari":[1]},{"formatie":"my bloody valentine","piese":["when you sleep"],"ascultari":[1]},{"formatie":"Market Value","piese":["Retribution"],"ascultari":[1]},{"formatie":"TV Girl","piese":["Cigarettes out the Window"],"ascultari":[1]},{"formatie":"Steve Lacy","piese":["Dark Red"],"ascultari":[2]},{"formatie":"Mitski","piese":["I Bet on Losing Dogs"],"ascultari":[1]},{"formatie":"Cuco","piese":["Lover Is a Day"],"ascultari":[1]},{"formatie":"Hisohkah; WMD","piese":["School Rooftop - Slowed Down Version"],"ascultari":[1]},{"formatie":"Oscar Lang","piese":["She Likes Another Boy"],"ascultari":[1]},{"formatie":"jagger finn","piese":["Vas"],"ascultari":[1]},{"formatie":"Yoggi","piese":["Love$ick Interlude"],"ascultari":[1]},{"formatie":"Pastel Ghost","piese":["Dark Beach"],"ascultari":[1]},{"formatie":"Eyedress","piese":["Romantic Lover","Jealous","I Don't Wanna Be Your Friend"],"ascultari":[1,1,1]},{"formatie":"Cults","piese":["Bad Things","Always Forever"],"ascultari":[1,1]},{"formatie":"JAWNY","piese":["Trigger Of Love"],"ascultari":[1]},{"formatie":"WILLOW; Travis Barker","piese":["t r a n s p a r e n t s o u l feat. Travis Barker"],"ascultari":[1]},{"formatie":"Sohodolls","piese":["Bang Bang Bang Bang"],"ascultari":[1]},{"formatie":"Wheatus","piese":["Teenage Dirtbag (2020)"],"ascultari":[1]},{"formatie":"Gorillaz","piese":["Rhinestone Eyes"],"ascultari":[1]},{"formatie":"Jun Togawa","piese":["好き好き大好き - 2016 Remaster"],"ascultari":[1]},{"formatie":"siouxxie sixxsta","piese":["masquerade"],"ascultari":[1]},{"formatie":"低的","piese":["压倒性的"],"ascultari":[1]},{"formatie":"bôa","piese":["Duvet"],"ascultari":[1]},{"formatie":"Paulie Leparik","piese":["Middy Titty"],"ascultari":[1]},{"formatie":"The Uptown Players","piese":["Solitude"],"ascultari":[2]},{"formatie":"The Rolling Stones","piese":["Miss You"],"ascultari":[1]},{"formatie":"System Of A Down","piese":["Chop Suey!","Protect The Land"],"ascultari":[1,1]},{"formatie":"My Darkest Days","piese":["Save Yourself"],"ascultari":[1]},{"formatie":"BillyTheBard11th","piese":["What's up, People?! (From \"Death Note\")"],"ascultari":[1]},{"formatie":"Hans Zimmer","piese":["No Time for Caution"],"ascultari":[1]},{"formatie":"Mick Gordon","piese":["Bfg Division"],"ascultari":[1]},{"formatie":"Bonnie Raitt","piese":["Livin' for the Ones"],"ascultari":[1]},{"formatie":"Seth Walker","piese":["The Future Ain't What It Used to Be"],"ascultari":[1]},{"formatie":"zmoalacazan","piese":["preot"],"ascultari":[1]},{"formatie":"Psalt Marian Moise","piese":["Paraclisul Maicii Domnului","Acatistul Domnului Iisus Hristos","Cum Sa Nu Te Cant Iisuse"],"ascultari":[1,1,1]},{"formatie":"Coldplay","piese":["Hymn for the Weekend","Yellow"],"ascultari":[4,1]},{"formatie":"Øneheart; reidenshi","piese":["snowfall (Sped Up)"],"ascultari":[1]},{"formatie":"Men I Trust","piese":["Show Me How","Space Is the Place"],"ascultari":[2,2]},{"formatie":"David Guetta","piese":["Who's That Chick? (feat. Rihanna)"],"ascultari":[1]},{"formatie":"T2","piese":["Heartbroken"],"ascultari":[1]},{"formatie":"Philip George","piese":["Wish You Were Mine - Radio Edit"],"ascultari":[1]},{"formatie":"Strawberry Guy","piese":["Mrs Magic"],"ascultari":[3]},{"formatie":"Andy Williams","piese":["It's the Most Wonderful Time of the Year"],"ascultari":[1]},{"formatie":"Ne-Yo; Juicy J","piese":["She Knows"],"ascultari":[1]},{"formatie":"Gwen Stefani","piese":["Luxurious - This Is How We Roll Edit featuring Slim Thug"],"ascultari":[1]},{"formatie":"M.I.A.","piese":["Paper Planes"],"ascultari":[1]},{"formatie":"M|O|O|N","piese":["Dust"],"ascultari":[1]},{"formatie":"Alicks","piese":["Ibuprofen"],"ascultari":[1]},{"formatie":"YOUTH 83; Forhill; Tima","piese":["Into Dust"],"ascultari":[1]},{"formatie":"Chromatics","piese":["Cherry"],"ascultari":[1]},{"formatie":"Scattle","piese":["RGB"],"ascultari":[1]},{"formatie":"Falconite","piese":["Digital Baptism"],"ascultari":[1]},{"formatie":"Roosevelt","piese":["Montreal","Around You","Sea"],"ascultari":[12,1,1]},{"formatie":"Aloboi","piese":["Endless Ocre (You look lonely, I can fix that)","Want to Love"],"ascultari":[1,1]},{"formatie":"PERMSKY KRAY","piese":["Дорогой Человек"],"ascultari":[1]},{"formatie":"Wolf Saga","piese":["Through This Night"],"ascultari":[1]},{"formatie":"Foster The People","piese":["Under The Moon"],"ascultari":[1]},{"formatie":"Vanilla","piese":["Summer"],"ascultari":[1]},{"formatie":"De Lorra","piese":["E N D L E S S"],"ascultari":[1]},{"formatie":"Whitewoods ","piese":["Somber Waves"],"ascultari":[1]},{"formatie":"Dated","piese":["Midnight Visitors"],"ascultari":[1]},{"formatie":"Lazerhawk; Gunship","piese":["Feel the Rush Tonight"],"ascultari":[1]},{"formatie":"Gunship; John Carpenter; Charlie Simpson","piese":["Tech Noir"],"ascultari":[1]},{"formatie":"Gunship","piese":["Revel in Your Time"],"ascultari":[1]},{"formatie":"Haircuts for Men","piese":["破壊の塔"],"ascultari":[1]},{"formatie":"Sleeping Pandora","piese":["Through the Maze"],"ascultari":[1]},{"formatie":"Noble Oak","piese":["Twenty Past Four"],"ascultari":[1]},{"formatie":"Cobra Man","piese":["Welcome to Earth"],"ascultari":[1]},{"formatie":"Aphex Twin","piese":["Alberto Balsalm","IZ-US"],"ascultari":[1,1]},{"formatie":"Dreams We've Had","piese":["You can always kill yourself tomorrow"],"ascultari":[1]},{"formatie":"Xtract","piese":["Audiotool Day 2016"],"ascultari":[1]},{"formatie":"Vestron Vulture","piese":["Judas Effect"],"ascultari":[1]},{"formatie":"Skylar Spence","piese":["Private Caller"],"ascultari":[1]},{"formatie":"Metronomy","piese":["Mick Slow"],"ascultari":[1]},{"formatie":"Mcbaise; Muthi","piese":["Cobra"],"ascultari":[1]},{"formatie":"Benoît Pioulard","piese":["Stone In Focus"],"ascultari":[1]},{"formatie":"Caramel","piese":["Out to Sea"],"ascultari":[1]},{"formatie":"STRFKR","piese":["Rainzow","Girls Just Want to Have Fun"],"ascultari":[1,1]},{"formatie":"A Car That Swims","piese":["Pickup"],"ascultari":[1]},{"formatie":"The Toxic Avenger; Sophie-Tith","piese":["Purple Eyes"],"ascultari":[1]},{"formatie":"tortuganónima","piese":["Aleph"],"ascultari":[1]},{"formatie":"Nürnberg","piese":["Mora"],"ascultari":[1]},{"formatie":"Jaguar Sun","piese":["Late"],"ascultari":[1]},{"formatie":"French 79","piese":["Between the Buttons"],"ascultari":[1]},{"formatie":"Euan Ellis","piese":["U.F.O"],"ascultari":[1]},{"formatie":"HKK","piese":["Guts Theme"],"ascultari":[1]},{"formatie":"Увула","piese":["Ты и твоя тень"],"ascultari":[1]},{"formatie":"セキトオ・シゲオ","piese":["ザ・ワード II","ハピネス","マンハッタン","アーミッシュ・アット・ダスク"],"ascultari":[3,1,1,1]},{"formatie":"Ditch Days","piese":["Seth Rogen"],"ascultari":[1]},{"formatie":"BONES; Drew The Architect","piese":["OneDayAtATime"],"ascultari":[1]},{"formatie":"Corul și Orchestra Ansamblului artistic Doina al Armatei; Corul și Orchestra de studio a Radioteleviziunii Române","piese":["Treceți, Batalioane Române, Carpații!"],"ascultari":[1]},{"formatie":"Chase Atlantic","piese":["LOVE IS (NOT) EASY"],"ascultari":[1]},{"formatie":"Killa Fonic; Connect-R","piese":["Scrum"],"ascultari":[1]},{"formatie":"Carla's Dreams","piese":["Luna"],"ascultari":[1]},{"formatie":"Alphaville","piese":["Forever Young"],"ascultari":[2]},{"formatie":"Stefan Banica; Cabron","piese":["La Masa Mea"],"ascultari":[1]},{"formatie":"Keanan Field Group","piese":["From This Moment On"],"ascultari":[3]},{"formatie":"Anita Rosswell","piese":["Soft Like Rain"],"ascultari":[1]},{"formatie":"Jean-Baptiste Rees","piese":["Crystal Blue"],"ascultari":[1]},{"formatie":"Wildflower Trio","piese":["The Wind"],"ascultari":[2]},{"formatie":"Courtney Salas Group","piese":["Constantly Changing"],"ascultari":[2]},{"formatie":"Mahmut Orhan; Colonel Bagshot","piese":["6 Days"],"ascultari":[1]},{"formatie":"Un","piese":["Every Fear Illuminated"],"ascultari":[1]},{"formatie":"Slow","piese":["Aurore"],"ascultari":[1]},{"formatie":"Shape Of Despair","piese":["Return to the Void"],"ascultari":[1]},{"formatie":"Frowning","piese":["Murdered by Grief"],"ascultari":[1]},{"formatie":"Evoken","piese":["Tragedy Eternal","A Caress of the Void"],"ascultari":[1,1]},{"formatie":"Candlemass","piese":["Astorolus - the Great Octopus"],"ascultari":[1]},{"formatie":"Sleep Token","piese":["Hypnosis"],"ascultari":[1]},{"formatie":"Gojira","piese":["Amazonia"],"ascultari":[1]},{"formatie":"Bruce Dickinson","piese":["Eternal"],"ascultari":[1]},{"formatie":"HEALTH; Lamb of God","piese":["COLD BLOOD"],"ascultari":[1]},{"formatie":"Accept","piese":["The Best Is yet to Come"],"ascultari":[1]},{"formatie":"Harakiri for the Sky","piese":["Song to Say Goodbye"],"ascultari":[1]},{"formatie":"Meshuggah","piese":["Broken Cog"],"ascultari":[1]},{"formatie":"Machine Head","piese":["MY HANDS ARE EMPTY"],"ascultari":[1]},{"formatie":"Atoms.; mysticphonk","piese":["Lonely"],"ascultari":[1]},{"formatie":"Armin van Buuren; Sharon Den Adel","piese":["In And Out Of Love"],"ascultari":[1]},{"formatie":"The Eastern Plain","piese":["In And Out Of Love (Tigerblood Jewel Remix)","My Last Song (Tigerblood Jewel Remix)","City Rain City Sleep"],"ascultari":[1,1,1]},{"formatie":"dwsdmusic","piese":["Talk It Out"],"ascultari":[1]},{"formatie":"Thomas Barrandon","piese":["Contrivance"],"ascultari":[1]},{"formatie":"Bothnia; Cody Francis","piese":["Sweet Baby"],"ascultari":[1]},{"formatie":"Anastacia","piese":["Left Outside Alone"],"ascultari":[1]},{"formatie":"The Sweetgreens","piese":["The More I See You"],"ascultari":[2]},{"formatie":"Magnus Ringblom Quartet","piese":["Open Mind"],"ascultari":[2]},{"formatie":"Bedford and 7th","piese":["While You´re Waiting"],"ascultari":[1]},{"formatie":"David Hazeltine; Peter Washington; Joe Farnsworth","piese":["I'll Only Miss Her","You Don't Know What Love Is"],"ascultari":[1,1]},{"formatie":"Geeder","piese":["Searching"],"ascultari":[1]},{"formatie":"Jonas Olofsson","piese":["It Never Entered My Mind"],"ascultari":[1]},{"formatie":"Cleo Lounge Trio","piese":["Blue Quarter"],"ascultari":[1]},{"formatie":"Oscar Peterson Trio","piese":["Bag's Groove"],"ascultari":[1]},{"formatie":"Yorkville","piese":["Mean To Me"],"ascultari":[1]},{"formatie":"Charles Daisey & Friends","piese":["I Cover the Waterfront"],"ascultari":[1]},{"formatie":"The Boomtown Rats","piese":["I Don't Like Mondays"],"ascultari":[1]},{"formatie":"Lamb of God","piese":["Laid to Rest"],"ascultari":[1]},{"formatie":"Joyce Trio","piese":["Luna"],"ascultari":[1]},{"formatie":"Sally's Trio","piese":["When All Was Said and Done"],"ascultari":[1]},{"formatie":"Len Stark Band","piese":["I'm Not Myself Anymore"],"ascultari":[1]},{"formatie":"Steve Blumenthal","piese":["Some Other Time"],"ascultari":[1]},{"formatie":"Brandon's Three","piese":["desire strongly"],"ascultari":[1]},{"formatie":"Loft Trio","piese":["Simple Things"],"ascultari":[1]},{"formatie":"KTZ Players","piese":["Stillness"],"ascultari":[1]},{"formatie":"Astoria Three","piese":["Michelle"],"ascultari":[1]},{"formatie":"Alan Pasqua","piese":["Wichita Lineman"],"ascultari":[1]},{"formatie":"Turning Trio","piese":["Quite Late"],"ascultari":[1]},{"formatie":"Hudson Harris & Haim","piese":["Blue in Green"],"ascultari":[1]},{"formatie":"Cry A Laugh","piese":["Darkest Hours"],"ascultari":[17]},{"formatie":"Turkish Delight","piese":["Cascade"],"ascultari":[2]},{"formatie":"Cage The Elephant","piese":["Come a Little Closer","Trouble"],"ascultari":[1,1]},{"formatie":"The Doors","piese":["Roadhouse Blues"],"ascultari":[1]},{"formatie":"Zakk Wylde","piese":["Sleeping Dogs","Lost Prayer"],"ascultari":[2,1]},{"formatie":"Eric Gales; Joe Bonamassa","piese":["I Want My Crown"],"ascultari":[1]},{"formatie":"Eric Bibb; Eric Gales","piese":["Whole World's Got The Blues"],"ascultari":[1]},{"formatie":"BAZOOKA","piese":["Libertatea-i Fantezie","Intro","Cu Ouă","Doi Saci de Gunoi","Material de Muie","Haideţi să ne comălim","De Dragul Prezentului","Am Venit","Surprize Surprize","Ce Fa Mă?","Legat De Calorifer","Magie","Mai Du-te-n Plm","Pe Avarii","Pe rAdio","Plinu-i Plin"],"ascultari":[2,1,1,1,2,1,1,1,1,1,1,1,1,1,1,1]},{"formatie":"Mavis Staples; Levon Helm","piese":["I Wish I Knew How It Would Feel To Be Free"],"ascultari":[1]},{"formatie":"Micki Free; Christone \"Kingfish\" Ingram","piese":["Judicator Blues"],"ascultari":[1]},{"formatie":"Louis Armstrong","piese":["What A Wonderful World"],"ascultari":[2]},{"formatie":"Shemekia Copeland","piese":["Pink Turns To Red"],"ascultari":[4]},{"formatie":"Alen Konakoglu","piese":["Journey"],"ascultari":[1]},{"formatie":"Fallo","piese":["Where My Love (Edit)"],"ascultari":[1]},{"formatie":"The Mamas & The Papas","piese":["California Dreamin'"],"ascultari":[1]},{"formatie":"Drake","piese":["Falling Back"],"ascultari":[1]},{"formatie":"Old Man Canyon","piese":["Hollow Tree","I Don't Wanna Go Out"],"ascultari":[9,1]},{"formatie":"Gadiel","piese":["Cadera"],"ascultari":[1]},{"formatie":"Russ","piese":["Pull The Trigger"],"ascultari":[1]},{"formatie":"Psihotrop","piese":["Tribut"],"ascultari":[1]},{"formatie":"BAZOOKA; Nasaan","piese":["Soldier"],"ascultari":[1]},{"formatie":"BAZOOKA; Sesu","piese":["Draga Mea"],"ascultari":[1]},{"formatie":"Dr. John; Aaron Neville","piese":["End Of The Line"],"ascultari":[2]},{"formatie":"Madeleine West","piese":["Sometime Ago"],"ascultari":[1]},{"formatie":"Gottfried Barber Trio","piese":["What A Little Moonlight Can Do"],"ascultari":[1]},{"formatie":"Ghostemane; $uicideboy$; JGRXXN","piese":["Seppuku (feat. Suicideboy$ & Jgrxxn)"],"ascultari":[3]},{"formatie":"Stilz","piese":["Stand Still"],"ascultari":[1]},{"formatie":"Mariah Carey","piese":["Without You"],"ascultari":[1]},{"formatie":"Joji; Diplo","piese":["Daylight"],"ascultari":[1]},{"formatie":"Makeup And Vanity Set","piese":["Homecoming"],"ascultari":[1]},{"formatie":"Badfinger","piese":["Baby Blue - Remastered 2010"],"ascultari":[1]},{"formatie":"Skillet","piese":["Feel Invincible"],"ascultari":[2]},{"formatie":"Darkspeen Shore","piese":["Autotune dog - Remix"],"ascultari":[1]},{"formatie":"Lubalin","piese":["internet drama part 2 (she stole my broccoli)","internet drama part 1 (is this available?)","internet drama part 3 (i just need butter)"],"ascultari":[5,1,1]},{"formatie":"Andrew Baena; Johnny Ciardullo","piese":["Hollywood's Bleeding"],"ascultari":[1]},{"formatie":"PSY","piese":["Gentleman"],"ascultari":[1]},{"formatie":"Brother Dege","piese":["Too Old to Die Young"],"ascultari":[1]},{"formatie":"Death Decline","piese":["Useless Sacrifice","Until the Last Human's Breath"],"ascultari":[1,1]},{"formatie":"Emmit Fenn","piese":["Painting Greys"],"ascultari":[1]},{"formatie":"Tate McRae","piese":["stupid"],"ascultari":[1]},{"formatie":"Lil Nas X","piese":["Panini"],"ascultari":[1]},{"formatie":"Sasha Alex Sloan","piese":["Dancing With Your Ghost"],"ascultari":[1]},{"formatie":"Iggy Azalea; Rita Ora","piese":["Black Widow"],"ascultari":[1]},{"formatie":"YG; Tyga; Jon Z","piese":["Go Loko"],"ascultari":[1]},{"formatie":"Lil Wayne","piese":["A Milli"],"ascultari":[1]},{"formatie":"Lil Wayne; Wiz Khalifa; Imagine Dragons; X Ambassadors; Logic","piese":["Sucker for Pain (with Wiz Khalifa, Imagine Dragons, Logic & Ty Dolla $ign feat. X Ambassadors)"],"ascultari":[1]},{"formatie":"Night Lovell","piese":["BUMBLE BEE"],"ascultari":[1]},{"formatie":"DNCE","piese":["Cake By The Ocean"],"ascultari":[1]},{"formatie":"Yot Club","piese":["no way !","YKWIM?"],"ascultari":[1,1]},{"formatie":"Karnaval Blues","piese":["Please Go Slowly"],"ascultari":[1]},{"formatie":"Gerard Way","piese":["Don't Try"],"ascultari":[1]},{"formatie":"Big Time Rush","piese":["Til I Forget About You","Nothing Even Matters","Oh Yeah","Big Time Rush"],"ascultari":[1,1,1,1]},{"formatie":"Christina Milian","piese":["Call Me, Beep Me! (The Kim Possible Song) - 2006 Recording"],"ascultari":[3]},{"formatie":"Hans Zimmer; John Powell","piese":["Oogway Ascends","Tai Lung Escapes"],"ascultari":[1,1]},{"formatie":"Young Yayo; We$","piese":["Kung Fu Panda"],"ascultari":[1]},{"formatie":"CeeLo Green; Jack Black","piese":["Kung Fu Fighting"],"ascultari":[1]},{"formatie":"Geek Music","piese":["Duck Dodgers in the 24½th Century Main Theme (From \"Duck Dodgers in the 24½th Century\")","Johnny Test Main Theme (From \"Johnny Test\")"],"ascultari":[1,1]},{"formatie":"Just Kids","piese":["Duck Dodgers in the 24½th Century Main Theme (From \"Duck Dodgers in the 24½th Century\")"],"ascultari":[1]},{"formatie":"Joyner Lucas","piese":["Duck Duck Goose"],"ascultari":[1]},{"formatie":"Berdan Çakır","piese":["Johnny Bravo Theme Song - Drill Remix + Slowed"],"ascultari":[1]},{"formatie":"Disney Studio Chorus","piese":["Winnie the Pooh - From \"Winnie the Pooh and the Honey Tree\""],"ascultari":[1]},{"formatie":"PierceTheSkies","piese":["Looney Tunes"],"ascultari":[1]},{"formatie":"Omen","piese":["The Axeman","Battle Cry","Last Rites"],"ascultari":[1,1,1]},{"formatie":"Bad Omens","piese":["Like A Villain","Glass Houses - Live","Never Know - Unplugged","Limits - Unplugged","If I'm There - Unplugged","Limits","Kingdom of Cards","The Hell I Overcame","Dethrone","The Fountain"],"ascultari":[1,1,1,1,1,1,1,1,1,1]},{"formatie":"Thousand Below","piese":["Venenosa"],"ascultari":[1]},{"formatie":"The Prodigy","piese":["Omen","Out of Space"],"ascultari":[1,1]},{"formatie":"UNB","piese":["감각"],"ascultari":[1]},{"formatie":"JBJ","piese":["My Flower"],"ascultari":[1]},{"formatie":"Selina Mour","piese":["AMB*TCHIOUS - International Women's Day"],"ascultari":[2]},{"formatie":"Percy Faith; His Orchestra","piese":["Theme From A Summer Place"],"ascultari":[1]},{"formatie":"3 Sud Est","piese":["Amintirile"],"ascultari":[1]},{"formatie":"Foxilitus","piese":["Swing Slo"],"ascultari":[1]},{"formatie":"Future","piese":["Mask Off"],"ascultari":[1]},{"formatie":"Jason Aldean","piese":["Heaven"],"ascultari":[1]},{"formatie":"The Temper Trap","piese":["Fall Together - Johnson Somerset Remix"],"ascultari":[1]},{"formatie":"The Chemical Brothers","piese":["Wide Open"],"ascultari":[1]},{"formatie":"Tiësto","piese":["Traffic - Radio Edit"],"ascultari":[1]},{"formatie":"Charlotte Adigéry","piese":["Paténipat"],"ascultari":[1]},{"formatie":"My Morning Jacket","piese":["One Big Holiday"],"ascultari":[1]},{"formatie":"Lorde","piese":["Ribs"],"ascultari":[1]},{"formatie":"Pumarosa","piese":["Priestess - Shura Remix"],"ascultari":[1]},{"formatie":"One Hundred Years","piese":["Life"],"ascultari":[1]},{"formatie":"Nick Drake","piese":["Northern Sky"],"ascultari":[1]},{"formatie":"Whilk & Misky","piese":["Burn With Me"],"ascultari":[1]},{"formatie":"Mumford & Sons","piese":["The Wild","I Will Wait"],"ascultari":[1,1]},{"formatie":"Pete Josef","piese":["Colour"],"ascultari":[1]},{"formatie":"Flume; kai","piese":["Never Be Like You"],"ascultari":[1]},{"formatie":"St Germain","piese":["Rose rouge"],"ascultari":[1]},{"formatie":"Klyne","piese":["Water Flow"],"ascultari":[1]},{"formatie":"Kings of Leon","piese":["Knocked Up"],"ascultari":[1]},{"formatie":"Matthew Dear","piese":["Modafinil Blues"],"ascultari":[1]},{"formatie":"Nick Mulvey","piese":["Dancing For The Answers","In the Anthropocene","In Your Hands - Single Version"],"ascultari":[1,1,1]},{"formatie":"Roo Panes; Mahogany","piese":["A Message to Myself - The Mahogany Sessions"],"ascultari":[1]},{"formatie":"Trevor H Oswalt; East Forest","piese":["For Elena"],"ascultari":[1]},{"formatie":"Jim James","piese":["Know Til Now"],"ascultari":[1]},{"formatie":"HÆLOS","piese":["Intro/Spectrum"],"ascultari":[1]},{"formatie":"Sigur Rós","piese":["Svefn-g-englar"],"ascultari":[1]},{"formatie":"Michael Kiwanuka","piese":["Love & Hate"],"ascultari":[1]},{"formatie":"Rhye","piese":["The Fall"],"ascultari":[1]},{"formatie":"Trevor Hall; Sofi Tukker","piese":["more than love - Sofi Tukker remix"],"ascultari":[1]},{"formatie":"SYML","piese":["The Dark"],"ascultari":[1]},{"formatie":"Roo Panes","piese":["Little Giant"],"ascultari":[1]},{"formatie":"Bahamas","piese":["Lost In The Light"],"ascultari":[1]},{"formatie":"Jesper Ryom","piese":["Apolune"],"ascultari":[1]},{"formatie":"SAULT","piese":["Up All Night"],"ascultari":[1]},{"formatie":"Taylor Swift","piese":["invisible string"],"ascultari":[1]},{"formatie":"Mumford & Sons; Baaba Maal; The Very Best","piese":["Si Tu Veux"],"ascultari":[1]},{"formatie":"DARKSIDE","piese":["A1"],"ascultari":[1]},{"formatie":"Nick Box","piese":["Depth"],"ascultari":[1]},{"formatie":"Maribou State","piese":["Turnmills"],"ascultari":[1]},{"formatie":"U2","piese":["Numb - Mike Hedges Mix","With Or Without You - Remastered"],"ascultari":[1,1]},{"formatie":"Lil Uzi Vert; Quavo; Travis Scott","piese":["Go Off (with Lil Uzi Vert, Quavo & Travis Scott)"],"ascultari":[1]},{"formatie":"Migos; Marshmello","piese":["Danger (with Migos & Marshmello)"],"ascultari":[1]},{"formatie":"Travis Scott","piese":["BUTTERFLY EFFECT"],"ascultari":[1]},{"formatie":"The Weeknd; Kendrick Lamar","piese":["Pray For Me (with Kendrick Lamar)"],"ascultari":[1]},{"formatie":"Lil Skies","piese":["Welcome to the Rodeo"],"ascultari":[1]},{"formatie":"Post Malone; 21 Savage","piese":["rockstar (feat. 21 Savage)"],"ascultari":[1]},{"formatie":"Wiz Khalifa; Lil Skies","piese":["Fr Fr (feat. Lil Skies)"],"ascultari":[1]},{"formatie":"Lil Skies; Landon Cube","piese":["Red Roses (feat. Landon Cube)"],"ascultari":[1]},{"formatie":"Capo Plaza","piese":["Come me","Vabbene"],"ascultari":[1,1]},{"formatie":"Inoki","piese":["Bologna By Night 2004"],"ascultari":[1]},{"formatie":"Leaf Dog","piese":["Some People Say"],"ascultari":[1]},{"formatie":"Shiva","piese":["Santana"],"ascultari":[1]},{"formatie":"Capo Plaza; AVA","piese":["Nisida"],"ascultari":[1]},{"formatie":"Tedua; Chris Nolan","piese":["Vertigini"],"ascultari":[1]},{"formatie":"Bassi Maestro; Ape; Zampa","piese":["Giorni matti (feat. Ape, Zampa)"],"ascultari":[1]},{"formatie":"Aban; Noyz Narcos","piese":["16 barre"],"ascultari":[1]},{"formatie":"Trevor Daniel","piese":["Falling"],"ascultari":[1]},{"formatie":"6ix9ine","piese":["BILLY"],"ascultari":[1]},{"formatie":"Mondo Marcio","piese":["Non Ti Ho Mai Detto"],"ascultari":[1]},{"formatie":"Rvfv; Duki","piese":["Pantera"],"ascultari":[1]},{"formatie":"Toni Childs","piese":["Stop Your Fussin'"],"ascultari":[1]},{"formatie":"4 Non Blondes","piese":["What's Up?"],"ascultari":[1]},{"formatie":"Avril Lavigne","piese":["Knockin' On Heaven's Door - Live at HSBC Arena, Buffalo, NY - May 18, 2003"],"ascultari":[1]},{"formatie":"R.E.M.","piese":["Losing My Religion"],"ascultari":[1]},{"formatie":"The Police","piese":["Every Breath You Take"],"ascultari":[1]},{"formatie":"Spin Doctors","piese":["Two Princes"],"ascultari":[1]},{"formatie":"The Goo Goo Dolls","piese":["Give a Little Bit"],"ascultari":[2]},{"formatie":"Starship","piese":["Nothing's Gonna Stop Us Now"],"ascultari":[1]},{"formatie":"Jonas Blue; Dakota","piese":["Fast Car"],"ascultari":[1]},{"formatie":"Foreigner","piese":["I Want to Know What Love Is - 1999 Remaster"],"ascultari":[1]},{"formatie":"Whitney Houston","piese":["I Will Always Love You"],"ascultari":[1]},{"formatie":"Crowded House","piese":["Don't Dream It's Over","Fall At Your Feet"],"ascultari":[1,1]},{"formatie":"The Waterboys","piese":["The Whole of the Moon - 2004 Remaster"],"ascultari":[1]},{"formatie":"Bill Medley; Jennifer Warnes","piese":["(I've Had) The Time of My Life - 12\" Version"],"ascultari":[1]},{"formatie":"Cyndi Lauper","piese":["True Colors"],"ascultari":[1]},{"formatie":"Dionne Warwick; Elton John; Gladys Knight; Stevie Wonder","piese":["That's What Friends Are For (with Elton John, Gladys Knight & Stevie Wonder)"],"ascultari":[1]},{"formatie":"Lauren Daigle","piese":["You Say"],"ascultari":[1]},{"formatie":"Roar","piese":["I Can't Handle Change"],"ascultari":[1]},{"formatie":"EKKSTACY","piese":["i walk this earth all by myself"],"ascultari":[1]},{"formatie":"Current Joys","piese":["Blondie","American Honey - Phantom Version"],"ascultari":[1,1]},{"formatie":"Greta Van Fleet","piese":["Light My Love"],"ascultari":[2]},{"formatie":"Air","piese":["Alone in Kyoto"],"ascultari":[1]},{"formatie":"TAKA","piese":["deaf"],"ascultari":[1]},{"formatie":"Thomas Hardin Trio","piese":["ANNIVERSARY ~無限にCALLING YOU","時をかける少女"],"ascultari":[1,1]},{"formatie":"Skinshape","piese":["Life as One"],"ascultari":[1]}]}